"disease_ontology_id_version","ndd_phenotype"
"OMIM:608569",0
"OMIM:614050",0
"OMIM:300100_1",1
"OMIM:614857",1
"OMIM:275630",1
"OMIM:611126",1
"OMIM:614559",1
"OMIM:264470",1
"OMIM:614265",1
"OMIM:300387",1
"OMIM:243310",1
"OMIM:607371",1
"OMIM:614583",1
"OMIM:604717",0
"OMIM:135100",1
"OMIM:615010",1
"OMIM:127400",0
"OMIM:612016",1
"OMIM:103050",1
"OMIM:309548",1
"OMIM:208400",1
"OMIM:608594",1
"MONDO:0001071",1
"OMIM:613752",1
"OMIM:608629",1
"OMIM:300816",1
"OMIM:310490",1
"OMIM:260600",1
"OMIM:612631",1
"OMIM:615937",1
"OMIM:219150",1
"OMIM:270200",1
"OMIM:271980",1
"OMIM:608540",1
"OMIM:607143",1
"OMIM:607906",1
"OMIM:601110",1
"OMIM:603147",1
"OMIM:608776",1
"MONDO:0700096_1",1
"MONDO:0002254",1
"OMIM:123000",0
"OMIM:118600",0
"OMIM:148050",1
"OMIM:613728",1
"OMIM:609313",1
"OMIM:304340",1
"OMIM:608233",1
"OMIM:614066",1
"OMIM:613744",1
"OMIM:614067",1
"OMIM:208920",1
"OMIM:608097",1
"MONDO:0001071",1
"OMIM:614607",1
"OMIM:135900",1
"OMIM:612291",1
"OMIM:605231",1
"OMIM:613575",0
"OMIM:300419",1
"OMIM:308350",1
"OMIM:309510",1
"OMIM:300004",1
"OMIM:300215_2",1
"OMIM:207900",1
"OMIM:271900",1
"OMIM:608716",1
"OMIM:605039",1
"OMIM:104290",1
"OMIM:602481_2",0
"OMIM:124200",1
"OMIM:101900",0
"OMIM:300423",1
"OMIM:219200",1
"OMIM:278250",1
"OMIM:309400",1
"OMIM:304150",1
"OMIM:300489",0
"OMIM:210600",1
"OMIM:614564",0
"OMIM:301040",1
"OMIM:309580",1
"OMIM:250950",1
"OMIM:615834",1
"OMIM:261540",1
"OMIM:607091",1
"OMIM:130070",1
"OMIM:209900_5",1
"OMIM:615987",1
"OMIM:615989",1
"OMIM:616562",1
"OMIM:615982",1
"OMIM:615983",1
"OMIM:615984",1
"OMIM:615986",1
"MONDO:0700096_1",1
"MONDO:0700096_1",1
"OMIM:124000",1
"OMIM:262000",0
"OMIM:603358",0
"OMIM:210900",1
"OMIM:115150",1
"OMIM:613707",1
"OMIM:613706",1
"OMIM:300659",1
"OMIM:269700",1
"OMIM:270685",0
"OMIM:600794",0
"OMIM:257300",1
"OMIM:614615",1
"OMIM:259730",1
"OMIM:601005",1
"OMIM:611875",0
"OMIM:300749",1
"OMIM:300422_1",1
"OMIM:236200_1",1
"OMIM:608443",1
"OMIM:612285",1
"OMIM:619111",1
"OMIM:612284",0
"OMIM:235510",1
"OMIM:614807",1
"OMIM:236600",1
"OMIM:604804",1
"OMIM:300672",1
"OMIM:614226",1
"OMIM:608393",1
"OMIM:613676",1
"OMIM:614673",1
"OMIM:614852",1
"OMIM:613823",1
"OMIM:610188",1
"OMIM:615991_2",1
"OMIM:611134",0
"OMIM:611755",0
"OMIM:610189",0
"OMIM:614464",1
"OMIM:610042",1
"OMIM:612100",1
"OMIM:611209",1
"OMIM:608779",1
"OMIM:611182",1
"OMIM:618564",1
"OMIM:175780",0
"OMIM:611773",0
"OMIM:614483",1
"OMIM:265050",1
"OMIM:607426",1
"OMIM:619046",1
"OMIM:615119",1
"OMIM:607417",1
"OMIM:180849",1
"OMIM:604168",1
"OMIM:615075",1
"OMIM:300354",1
"OMIM:250800_2",1
"OMIM:600721",1
"OMIM:611105",1
"MONDO:0700096_1",1
"OMIM:300067_1",1
"OMIM:615033",1
"OMIM:615828",1
"OMIM:602398",1
"OMIM:270400",1
"OMIM:613839",1
"OMIM:204750",1
"OMIM:615025",0
"OMIM:136630",1
"OMIM:305000",1
"OMIM:246900",1
"OMIM:300850",1
"OMIM:310200",1
"OMIM:300376",0
"OMIM:302045",0
"OMIM:160900",1
"OMIM:610198",1
"OMIM:242860",1
"OMIM:608093",1
"OMIM:614750",0
"OMIM:608799",1
"OMIM:274270_2",1
"OMIM:223800",1
"OMIM:607326",0
"OMIM:614563",1
"OMIM:614228",1
"OMIM:158600",0
"OMIM:614104",1
"OMIM:610536",1
"OMIM:610253",1
"OMIM:226980",1
"OMIM:614457",1
"OMIM:600110",0
"MONDO:0700096_1",1
"OMIM:613684",1
"OMIM:242840",1
"OMIM:278730",1
"OMIM:610756",1
"OMIM:601675",1
"OMIM:610651",1
"OMIM:616390",1
"OMIM:278780_1",1
"OMIM:133540",1
"OMIM:278800",1
"OMIM:214150",1
"OMIM:600630",0
"OMIM:216400",1
"OMIM:614621",0
"OMIM:611225",1
"OMIM:268300",1
"OMIM:602473",1
"OMIM:227646",1
"OMIM:305400_1",1
"OMIM:101200",1
"OMIM:123790",1
"OMIM:101600_3",1
"OMIM:207410",0
"OMIM:123150_2",0
"OMIM:101400_2",0
"OMIM:123500",0
"OMIM:614592",0
"OMIM:609579",1
"OMIM:602849",1
"OMIM:100800",0
"OMIM:146000",1
"OMIM:187600",0
"OMIM:612247",0
"OMIM:610474_1",1
"OMIM:187601",0
"OMIM:606812",1
"OMIM:150800",0
"OMIM:606612",1
"OMIM:613153",1
"OMIM:607155",0
"OMIM:253800",1
"OMIM:613152",0
"OMIM:611588",0
"OMIM:611615",0
"OMIM:300049",1
"OMIM:300321",1
"OMIM:304120",1
"OMIM:305620",0
"OMIM:314400",0
"OMIM:300048_2",0
"OMIM:300244",0
"OMIM:300624",1
"OMIM:300623",0
"OMIM:311360",0
"OMIM:613454",1
"OMIM:613670",1
"OMIM:219000",1
"OMIM:612938",1
"OMIM:309549",1
"OMIM:230000",1
"OMIM:230350",1
"OMIM:230400",1
"OMIM:612736",1
"OMIM:615074",1
"OMIM:612718",1
"MONDO:0700096_1",1
"OMIM:300849",1
"OMIM:203450",1
"OMIM:233910",1
"OMIM:128230_1",0
"OMIM:608804",1
"OMIM:613206",1
"OMIM:613480",0
"OMIM:307030",1
"MONDO:0700096_1",1
"OMIM:610829",1
"OMIM:175700",1
"OMIM:146510",1
"OMIM:174200",0
"OMIM:174700",0
"OMIM:103580",1
"OMIM:174800",0
"OMIM:166350",0
"OMIM:603233_3",0
"OMIM:612462",1
"OMIM:612463",1
"OMIM:219080",0
"OMIM:617686",0
"OMIM:222765",1
"OMIM:252940",1
"OMIM:312870",1
"OMIM:615501",1
"OMIM:615752",1
"OMIM:300699",1
"OMIM:611092",1
"OMIM:245570",1
"OMIM:613970",1
"OMIM:614831",1
"OMIM:266130",1
"OMIM:231900",0
"OMIM:614830",1
"OMIM:616395",1
"OMIM:253220",1
"OMIM:610738",1
"OMIM:309801",1
"OMIM:309541",1
"OMIM:300882",1
"OMIM:613926",1
"OMIM:613925",1
"OMIM:615516",1
"OMIM:182230_6",1
"OMIM:253270",1
"OMIM:601536_1",1
"OMIM:276710",1
"OMIM:140350",0
"OMIM:300322",1
"OMIM:300323",0
"OMIM:218040_2",1
"OMIM:163200_1",1
"OMIM:612370",0
"OMIM:602541",1
"OMIM:309900",1
"OMIM:607014",1
"OMIM:607015",1
"OMIM:607016",1
"OMIM:614231",1
"OMIM:608747",1
"OMIM:308300",1
"OMIM:300291",0
"OMIM:300143",1
"OMIM:610156",1
"OMIM:213300",1
"OMIM:309530",1
"OMIM:614643",1
"OMIM:613730",1
"OMIM:610443",1
"OMIM:603736",1
"OMIM:606170",1
"OMIM:618856",1
"OMIM:610582",0
"OMIM:601820_1",0
"OMIM:612292",1
"OMIM:614959",1
"OMIM:615005",1
"OMIM:611726",1
"OMIM:300534",1
"OMIM:300867",1
"OMIM:609460",1
"OMIM:152950",1
"OMIM:200990_1",1
"OMIM:614120",0
"OMIM:609942",1
"OMIM:615278",1
"MONDO:0001071",1
"OMIM:304100",1
"OMIM:236792",1
"OMIM:607855",1
"OMIM:614115",1
"OMIM:300257",1
"OMIM:608840",1
"OMIM:613154",1
"OMIM:615071",1
"OMIM:606593",1
"OMIM:220111",1
"OMIM:615994",1
"OMIM:301031",1
"OMIM:300853",0
"OMIM:614202",1
"OMIM:248500",1
"OMIM:248510",1
"MONDO:0700096_1",1
"OMIM:615279",1
"OMIM:115150",1
"OMIM:250850_4",1
"OMIM:156200",1
"OMIM:210200",1
"OMIM:210210",1
"OMIM:252650",1
"OMIM:251200",1
"OMIM:312750_1",1
"OMIM:300673",1
"OMIM:300260",1
"OMIM:300055",1
"OMIM:305450",1
"OMIM:309520",1
"OMIM:613668",1
"OMIM:614249",1
"OMIM:614976",1
"OMIM:212066",1
"OMIM:300000",1
"OMIM:605231",1
"OMIM:236700",1
"OMIM:605130",1
"OMIM:147920",1
"OMIM:248360",1
"OMIM:251100",1
"MONDO:0700096_1",1
"OMIM:277400_1",1
"OMIM:252150",1
"OMIM:252160",1
"OMIM:609180",1
"OMIM:615219",1
"OMIM:234050",1
"OMIM:611719",1
"MONDO:0044970",1
"MONDO:0044970",1
"MONDO:0044970",1
"MONDO:0044970",1
"MONDO:0044970",1
"OMIM:250940",1
"OMIM:236270",1
"MONDO:0044970",1
"MONDO:0044970",1
"OMIM:300438",1
"OMIM:251000",1
"OMIM:610377",1
"OMIM:260920",0
"OMIM:175900",0
"OMIM:164280",1
"OMIM:214450",1
"OMIM:300855_1",1
"OMIM:609241_1",1
"OMIM:609242",1
"OMIM:252920",1
"OMIM:251260",1
"OMIM:614019",1
"OMIM:310600",1
"OMIM:305390_1",0
"OMIM:301020",1
"OMIM:618236",1
"OMIM:618244",1
"OMIM:618226",1
"OMIM:618228",1
"OMIM:618230",1
"OMIM:252010",1
"OMIM:618224",1
"OMIM:618222",1
"OMIM:618225",1
"OMIM:256550_1",1
"OMIM:162200",1
"OMIM:601321",1
"OMIM:193520",1
"OMIM:162210",0
"OMIM:302350",1
"OMIM:302200",0
"OMIM:122470",1
"OMIM:610978",1
"OMIM:118700",0
"OMIM:300425",1
"OMIM:300495_1",1
"OMIM:607115",1
"OMIM:191900",0
"OMIM:120100",0
"OMIM:609583",1
"OMIM:256100",0
"OMIM:266900",0
"OMIM:614325",1
"OMIM:117550",1
"OMIM:300831",1
"OMIM:308050",0
"OMIM:611091",1
"OMIM:256800",1
"OMIM:251290",1
"OMIM:309000",1
"OMIM:300555",1
"OMIM:311200",1
"OMIM:300804",1
"OMIM:300209",1
"OMIM:224690",1
"OMIM:615009",1
"OMIM:607432_1",1
"OMIM:300558",1
"OMIM:234200",1
"MONDO:0700096_1",1
"OMIM:120430_1",1
"OMIM:106210_1",1
"OMIM:165550",0
"OMIM:136520",0
"OMIM:148190",0
"OMIM:120200",0
"OMIM:604229",0
"OMIM:266150",1
"OMIM:300088",1
"OMIM:210720",1
"OMIM:312170",1
"OMIM:614651",1
"OMIM:614652",1
"OMIM:170100",1
"OMIM:214100",1
"OMIM:601539",1
"OMIM:614870",1
"OMIM:614871",1
"OMIM:614920",1
"OMIM:614859",1
"OMIM:266510",1
"OMIM:614883",1
"OMIM:614885",1
"OMIM:614872",1
"OMIM:614873",1
"OMIM:214110",1
"OMIM:202370",1
"OMIM:614862",1
"OMIM:614863_2",1
"OMIM:215100",1
"OMIM:614879",1
"OMIM:300653",1
"OMIM:301900",1
"OMIM:300263",1
"OMIM:601815",1
"OMIM:614080",1
"OMIM:614749",1
"OMIM:239300",1
"OMIM:602501",1
"OMIM:615108",0
"OMIM:603387",1
"OMIM:312080",1
"OMIM:312920",0
"OMIM:212065",1
"OMIM:613179",1
"OMIM:614932",1
"OMIM:614934",0
"OMIM:614813",1
"OMIM:607694",1
"OMIM:614381",1
"OMIM:253280",1
"OMIM:613151",1
"OMIM:613157",0
"OMIM:236670",1
"OMIM:613155",1
"OMIM:609308",0
"OMIM:613150",1
"OMIM:613156",1
"OMIM:613158",0
"OMIM:305600",1
"MONDO:0700096_1",1
"OMIM:309500",1
"OMIM:239500",1
"OMIM:301835",1
"OMIM:300661_2",0
"OMIM:311070",0
"OMIM:304500",0
"OMIM:249500",1
"OMIM:605309",1
"OMIM:158350_1",0
"OMIM:610828",1
"OMIM:163950",1
"OMIM:151100",1
"OMIM:156250",0
"OMIM:600462",1
"OMIM:225060_1",1
"OMIM:612940",1
"OMIM:614438",1
"OMIM:614222",1
"OMIM:607624",1
"OMIM:300271",1
"OMIM:600118",1
"OMIM:212720",1
"OMIM:614225",1
"MONDO:0001071",1
"OMIM:614701",1
"OMIM:611553",1
"OMIM:611554",1
"OMIM:182290_1",1
"OMIM:612079",1
"OMIM:257320",1
"OMIM:612015",1
"OMIM:614922",1
"OMIM:607095",1
"OMIM:250250",0
"OMIM:250460",0
"OMIM:610333",1
"OMIM:610181",1
"OMIM:610329",1
"OMIM:226750",1
"OMIM:611560",1
"OMIM:619113",1
"OMIM:611561",0
"OMIM:303600",1
"OMIM:300844",1
"OMIM:107480_2",1
"OMIM:612313",1
"OMIM:607330",1
"OMIM:607208",1
"OMIM:609634",0
"OMIM:604403_2",0
"OMIM:613721",1
"MONDO:0001071",1
"OMIM:607745",0
"OMIM:614306",1
"OMIM:614558",1
"OMIM:604377",1
"MONDO:0044970",1
"OMIM:252011",1
"OMIM:613642",0
"OMIM:614165",0
"OMIM:619224",1
"OMIM:115310",0
"OMIM:171300_1",0
"OMIM:606864_1",0
"OMIM:606764_1",0
"OMIM:614739",1
"OMIM:269150",1
"OMIM:616078",1
"OMIM:613436",1
"OMIM:606232",1
"OMIM:142945",1
"OMIM:269160_1",1
"OMIM:611638",0
"OMIM:147250",0
"OMIM:607721",1
"MONDO:0001071",1
"OMIM:248800",1
"OMIM:157170",1
"OMIM:269160_2",1
"OMIM:182212",1
"OMIM:218000",1
"OMIM:300523",1
"OMIM:269920",1
"OMIM:604369",1
"OMIM:238970",1
"OMIM:609304",1
"OMIM:612126",1
"OMIM:606777_1",1
"OMIM:601042",1
"OMIM:614482",1
"OMIM:266265",1
"OMIM:604278",1
"OMIM:300352",1
"OMIM:300243",1
"OMIM:139210",1
"OMIM:175050",0
"OMIM:174900_2",0
"OMIM:601358",1
"OMIM:614609",1
"OMIM:613325",0
"OMIM:614608",1
"OMIM:609322_1",0
"OMIM:300590",1
"OMIM:610759",1
"OMIM:206920",1
"OMIM:257200",1
"OMIM:607616",1
"OMIM:309583",1
"OMIM:609528",1
"OMIM:613671",1
"OMIM:610733",1
"OMIM:135300",0
"OMIM:611584",1
"OMIM:609136",1
"OMIM:613266",0
"OMIM:206900_1",1
"OMIM:300123",1
"OMIM:312000",0
"OMIM:616803",1
"OMIM:611431",1
"OMIM:136140",1
"OMIM:612379",1
"OMIM:612713",1
"OMIM:300643",1
"OMIM:611090",1
"OMIM:615006",1
"OMIM:612703",1
"OMIM:601186_2",1
"OMIM:272300",1
"OMIM:220110",1
"OMIM:612621",1
"OMIM:300802",1
"OMIM:614229",1
"OMIM:276600",1
"OMIM:605021",1
"OMIM:241410",1
"OMIM:244460",1
"OMIM:610954",1
"OMIM:614815",1
"OMIM:258860",0
"OMIM:614020",1
"OMIM:609192",1
"OMIM:610168",1
"OMIM:614331",0
"OMIM:142946",1
"OMIM:188570",1
"OMIM:145650",0
"OMIM:274300",0
"OMIM:304700",1
"OMIM:213980",1
"OMIM:614727",1
"OMIM:614970",1
"OMIM:614424",1
"OMIM:610688",1
"OMIM:216360",1
"OMIM:607361",0
"OMIM:613550",0
"OMIM:615512",1
"OMIM:613192",1
"OMIM:225750_2",1
"OMIM:192315",0
"OMIM:610448",0
"OMIM:615988",1
"OMIM:254110",0
"OMIM:191100",1
"OMIM:607341_1",1
"OMIM:613254_1",1
"OMIM:300210",1
"OMIM:615985",1
"OMIM:613464",0
"OMIM:611603",1
"OMIM:610031",1
"OMIM:611093",1
"OMIM:300860",1
"OMIM:105830",1
"OMIM:244450",1
"OMIM:243800",1
"OMIM:613161",1
"OMIM:300676",1
"OMIM:224050",1
"OMIM:216550",1
"OMIM:604317",1
"OMIM:610185",1
"OMIM:278700",1
"OMIM:617125",1
"OMIM:300799",1
"OMIM:235730",1
"OMIM:270700",1
"OMIM:609637",1
"MONDO:0001071",1
"OMIM:300803",1
"MONDO:0001071",1
"MONDO:0001071",1
"OMIM:614300",1
"OMIM:615873",1
"MONDO:0001071",1
"OMIM:300884",1
"OMIM:615493",1
"OMIM:612936",1
"OMIM:300607",1
"MONDO:0001071",1
"MONDO:0001071",1
"OMIM:209880",0
"OMIM:615181",1
"OMIM:609195",1
"OMIM:300475",1
"OMIM:218340",1
"OMIM:613227",1
"MONDO:0001071",1
"MONDO:0001071",1
"MONDO:0001071",1
"OMIM:612580",1
"OMIM:616080",1
"MONDO:0700096_1",1
"MONDO:0001071",1
"OMIM:614576",1
"OMIM:615328",1
"OMIM:267750",1
"OMIM:615502",1
"OMIM:615281",1
"OMIM:174300",1
"OMIM:604364",1
"OMIM:300148",1
"OMIM:617270",1
"OMIM:615683",1
"OMIM:610758",1
"OMIM:278760_2",1
"OMIM:615272",0
"OMIM:610965",1
"OMIM:610532",1
"MONDO:0001071",1
"OMIM:615471",1
"OMIM:615465",1
"OMIM:147950",0
"OMIM:123150_1",0
"OMIM:166250",0
"OMIM:101600_1",0
"OMIM:190440",0
"OMIM:216340",1
"OMIM:612577",0
"OMIM:611228",0
"MONDO:0001071",1
"OMIM:617113",1
"OMIM:615510",1
"OMIM:615350",1
"OMIM:615351",1
"OMIM:615352",1
"OMIM:615473",1
"MONDO:0001071",1
"OMIM:614254",1
"MONDO:0001071",1
"MONDO:0001071",1
"OMIM:309590",1
"OMIM:615369",1
"OMIM:615032",1
"OMIM:615630",1
"MONDO:0001071",1
"OMIM:613720",1
"OMIM:121200_2",0
"MONDO:0001071",1
"MONDO:0001071",1
"OMIM:300912",1
"OMIM:615411",1
"OMIM:615637",1
"OMIM:615960",1
"OMIM:615191",1
"OMIM:614340",1
"OMIM:222448",1
"OMIM:615547",1
"OMIM:308205",1
"OMIM:308800",0
"MONDO:0001071",1
"OMIM:615084",1
"OMIM:615673",1
"OMIM:300928",1
"OMIM:615419",1
"OMIM:616116",1
"OMIM:615722",1
"MONDO:0001071",1
"OMIM:614613",1
"OMIM:245349",1
"MONDO:0001071",1
"OMIM:614207",1
"OMIM:615398",1
"OMIM:615399_1",0
"OMIM:269880",1
"OMIM:613722",1
"OMIM:613402",1
"OMIM:605361",1
"OMIM:605361",1
"MONDO:0001071",1
"OMIM:612067",1
"MONDO:0001071",1
"MONDO:0001071",1
"OMIM:602066",0
"OMIM:128200",0
"OMIM:605751",0
"OMIM:151050",1
"MONDO:0001071",1
"MONDO:0001071",1
"OMIM:615524_2",1
"OMIM:615524_1",1
"OMIM:251255",1
"OMIM:606744",1
"MONDO:0001071",1
"OMIM:615355",1
"OMIM:618195",1
"OMIM:615578",1
"OMIM:252900",1
"OMIM:615182",1
"MONDO:0001071",1
"OMIM:300896_1",1
"OMIM:615553",1
"OMIM:613477",1
"OMIM:609056",1
"OMIM:614261",1
"OMIM:615596",1
"OMIM:615476",1
"OMIM:615599",1
"OMIM:615663",1
"OMIM:248000",1
"OMIM:606053",1
"OMIM:615314",1
"OMIM:605407",1
"OMIM:615432",1
"MONDO:0001071",1
"OMIM:615356",1
"OMIM:618302",1
"OMIM:615541",1
"OMIM:612438",1
"OMIM:128101",0
"OMIM:615412",1
"OMIM:619189",1
"OMIM:607596",1
"OMIM:300894",1
"OMIM:617977",1
"OMIM:615220",1
"MONDO:0001071",1
"OMIM:314580",1
"MONDO:0001071",1
"OMIM:238700",1
"MONDO:0001071",1
"OMIM:613163",1
"OMIM:618857_1",1
"OMIM:239510",1
"OMIM:611881",1
"OMIM:608104",1
"OMIM:207800",1
"OMIM:250100",1
"OMIM:215700",1
"OMIM:608688",1
"OMIM:304800",1
"OMIM:300539",1
"OMIM:253260",1
"OMIM:256730",1
"OMIM:204500",1
"OMIM:204200",1
"OMIM:256731",1
"OMIM:601780",1
"OMIM:600143",1
"MONDO:0001071",1
"OMIM:237300",1
"OMIM:256540",1
"OMIM:213700",1
"OMIM:610768",1
"OMIM:612319",1
"OMIM:602081",1
"OMIM:300908",1
"OMIM:231670",1
"OMIM:606056",1
"OMIM:230500",1
"OMIM:230600",1
"OMIM:230650",0
"OMIM:253010",0
"OMIM:272750",1
"OMIM:613470",1
"OMIM:268800",1
"OMIM:246450",1
"OMIM:300472",1
"OMIM:613204",1
"MONDO:0001071",1
"OMIM:258870",1
"OMIM:311250",1
"OMIM:606054_1",1
"OMIM:606054_2",1
"OMIM:608782",1
"OMIM:249900",1
"OMIM:611721",1
"OMIM:610539",1
"OMIM:611722",1
"OMIM:261640",1
"OMIM:261630",1
"OMIM:246700",1
"OMIM:249000",0
"OMIM:615990",1
"OMIM:607483",1
"OMIM:222700",1
"OMIM:607136",0
"OMIM:275350",1
"MONDO:0020022",1
"OMIM:274500",1
"OMIM:275100",1
"MONDO:0001071",1
"MONDO:0001071",1
"OMIM:613038_2",1
"OMIM:227650",1
"OMIM:300514",1
"OMIM:227645",1
"OMIM:603585",1
"OMIM:618244",1
"OMIM:618240",1
"OMIM:618232",1
"OMIM:614876",1
"OMIM:614877",1
"OMIM:614886",1
"OMIM:614867",1
"OMIM:614866",1
"OMIM:614882",1
"OMIM:600513",1
"OMIM:204300",0
"OMIM:272430",1
"OMIM:610127",1
"OMIM:600901",1
"OMIM:603467",1
"OMIM:614082",1
"OMIM:614083",1
"OMIM:617666",1
"OMIM:601777_1",0
"OMIM:204000",1
"MONDO:0100062",1
"OMIM:610951",1
"OMIM:604004",1
"OMIM:614887",1
"OMIM:256600",1
"OMIM:610217",1
"OMIM:612953",0
"OMIM:203700",1
"OMIM:613662",1
"OMIM:607459",0
"OMIM:157640",0
"OMIM:258450",0
"OMIM:607196",1
"OMIM:613710",1
"OMIM:245400",1
"OMIM:272200",1
"OMIM:253250",1
"OMIM:190350",1
"OMIM:190351",1
"OMIM:222300",1
"OMIM:614296",1
"OMIM:600965",0
"OMIM:619051",1
"OMIM:118450",1
"OMIM:218400",0
"OMIM:164200",0
"OMIM:257850",0
"OMIM:186100",0
"OMIM:605259",1
"OMIM:271930",1
"OMIM:182601",1
"OMIM:615232",0
"OMIM:222730",0
"OMIM:607250",1
"OMIM:613068",1
"OMIM:617106",1
"OMIM:108500",0
"OMIM:141500_1",0
"OMIM:183086",0
"OMIM:615744",1
"OMIM:616638",1
"OMIM:617201",1
"OMIM:301029",1
"OMIM:618124",1
"MONDO:0001071",1
"MONDO:0001071",1
"OMIM:300957",1
"OMIM:300114",1
"OMIM:615348",1
"OMIM:300934",1
"OMIM:615597",1
"MONDO:0044970",1
"OMIM:615995",1
"OMIM:615665",1
"OMIM:615838",1
"OMIM:619048",1
"OMIM:619053",1
"OMIM:604213",1
"OMIM:614175_1",1
"OMIM:615157",1
"OMIM:615817",1
"MONDO:0001071",1
"OMIM:616938",1
"OMIM:615041",1
"OMIM:618725",1
"MONDO:0001071",1
"MONDO:0001071",1
"OMIM:616977",1
"OMIM:616421",1
"MONDO:0001071",1
"OMIM:618141",1
"OMIM:121201",1
"OMIM:617635",1
"OMIM:612337",1
"OMIM:617796",1
"MONDO:0001071",1
"MONDO:0001071",1
"OMIM:618522",1
"OMIM:616393",1
"MONDO:0001071",1
"MONDO:0001071",1
"OMIM:618298",1
"MONDO:0001071",1
"OMIM:618906",1
"OMIM:619556",1
"OMIM:617061",1
"OMIM:617991",1
"OMIM:616708",1
"MONDO:0001071",1
"MONDO:0001071",1
"MONDO:0001071",1
"OMIM:617557",1
"MONDO:0001071",1
"MONDO:0001071",1
"OMIM:617600",1
"MONDO:0005258",1
"MONDO:0005258",1
"MONDO:0005258",1
"MONDO:0005258",1
"OMIM:151600_2",0
"MONDO:0005258",1
"MONDO:0001071",1
"OMIM:612998",0
"OMIM:610743",0
"MONDO:0005258",1
"MONDO:0005258",1
"MONDO:0005258",1
"MONDO:0005258",1
"OMIM:616368",1
"MONDO:0005258",1
"MONDO:0005258",1
"MONDO:0005258",1
"MONDO:0005258",1
"MONDO:0005258",1
"OMIM:604145",0
"OMIM:613765",0
"OMIM:608807",0
"OMIM:611705",0
"OMIM:603689",0
"OMIM:600334",0
"OMIM:618050",1
"MONDO:0005258",1
"MONDO:0005258",1
"MONDO:0005258",1
"MONDO:0005258",1
"MONDO:0005258",1
"OMIM:600919_1",0
"MONDO:0001071",1
"MONDO:0005258",1
"OMIM:617520",1
"MONDO:0005071",1
"OMIM:618512",1
"MONDO:0005258",1
"MONDO:0005258",1
"MONDO:0005258",1
"OMIM:614653",0
"OMIM:615425",0
"MONDO:0001071",1
"MONDO:0005258",1
"MONDO:0005258",1
"MONDO:0005258",1
"OMIM:166260",0
"OMIM:613319",0
"OMIM:611307",0
"MONDO:0005258",1
"OMIM:617788",1
"MONDO:0005258",1
"MONDO:0005258",1
"MONDO:0005258",1
"MONDO:0005258",1
"OMIM:605115",0
"OMIM:177735",0
"MONDO:0005258",1
"MONDO:0005258",1
"MONDO:0005258",1
"MONDO:0005258",1
"MONDO:0005258",1
"OMIM:613735",1
"MONDO:0005258",1
"MONDO:0005258",1
"MONDO:0005258",1
"MONDO:0005258",1
"MONDO:0005258",1
"MONDO:0005258",1
"MONDO:0005258",1
"MONDO:0005258",1
"MONDO:0005258",1
"MONDO:0005258",1
"MONDO:0700096_1",0
"MONDO:0005258",1
"OMIM:611040",0
"OMIM:609549",0
"OMIM:617101",1
"MONDO:0005258",1
"MONDO:0005258",1
"OMIM:146700_2",0
"MONDO:0005258",1
"MONDO:0005258",1
"MONDO:0005258",1
"MONDO:0005258",1
"MONDO:0005258",1
"MONDO:0005258",1
"MONDO:0005258",1
"OMIM:613954",0
"MONDO:0005258",1
"MONDO:0001071",1
"MONDO:0005258",1
"MONDO:0005258",1
"MONDO:0005258",1
"MONDO:0005258",1
"OMIM:617450",1
"MONDO:0005258",1
"MONDO:0005258",1
"MONDO:0005258",1
"MONDO:0005258",1
"MONDO:0005258",1
"MONDO:0005258",1
"MONDO:0005258",1
"OMIM:616944",1
"MONDO:0005258",1
"OMIM:606703",1
"MONDO:0005258",1
"MONDO:0005258",1
"OMIM:615284",0
"MONDO:0005258",1
"MONDO:0005258",1
"MONDO:0005258",1
"OMIM:600116",0
"MONDO:0001071",1
"MONDO:0001071",1
"OMIM:614256",1
"OMIM:614257",1
"OMIM:617391",1
"MONDO:0001071",1
"MONDO:0001071",1
"OMIM:617153",1
"MONDO:0001071",1
"MONDO:0005258",1
"MONDO:0005258",1
"OMIM:615474",1
"OMIM:614896",0
"OMIM:618285",1
"MONDO:0005258",1
"MONDO:0005258",1
"MONDO:0005258",1
"MONDO:0005258",1
"MONDO:0005258",1
"MONDO:0005258",1
"MONDO:0005258",1
"MONDO:0005258",1
"MONDO:0005258",1
"MONDO:0005258",1
"MONDO:0005258",1
"MONDO:0005258",1
"MONDO:0005258",1
"OMIM:617681",1
"MONDO:0005258",1
"OMIM:300895",1
"OMIM:301900",1
"OMIM:256520",1
"OMIM:615338",1
"OMIM:220500",1
"OMIM:614617",0
"OMIM:309800",1
"OMIM:300919",1
"OMIM:615716",1
"OMIM:615760",1
"OMIM:615879",1
"OMIM:615942",1
"OMIM:615979",1
"OMIM:615249",1
"OMIM:615751",1
"OMIM:613559",1
"OMIM:615035",1
"OMIM:616033",1
"OMIM:615574",1
"OMIM:277590",1
"OMIM:615871",1
"OMIM:615846",1
"OMIM:615905",1
"OMIM:615816",1
"OMIM:615877_2",1
"OMIM:615862",1
"OMIM:615859",1
"OMIM:615829",1
"OMIM:615763",1
"OMIM:615761",1
"OMIM:300915",1
"OMIM:300923",1
"OMIM:615802",1
"OMIM:615803",1
"OMIM:300868",1
"OMIM:300818",0
"OMIM:616051",1
"OMIM:615636",1
"OMIM:615833",1
"MONDO:0001071",1
"OMIM:105550",1
"OMIM:108145",1
"OMIM:616831",1
"MONDO:0001071",1
"OMIM:616409",1
"MONDO:0001071",1
"OMIM:611876",0
"OMIM:615866",1
"OMIM:615282",1
"OMIM:616193",1
"OMIM:251300",1
"OMIM:272440",1
"OMIM:616154",1
"OMIM:603671",1
"OMIM:611816",1
"OMIM:616083",1
"OMIM:259050",1
"OMIM:614255",1
"OMIM:614213",0
"MONDO:0700096_1",0
"OMIM:616260",1
"OMIM:185070",1
"OMIM:160565",0
"OMIM:612783",0
"OMIM:616449",1
"OMIM:616211",1
"OMIM:614322",0
"MONDO:0001071",1
"OMIM:616819",1
"OMIM:616346",1
"OMIM:617752",1
"OMIM:616364",1
"MONDO:0005258",1
"OMIM:616351",1
"OMIM:300958_2",1
"OMIM:616158",1
"MONDO:0001071",1
"MONDO:0001071",1
"MONDO:0001071",1
"MONDO:0001071",1
"MONDO:0001071",1
"MONDO:0001071",1
"OMIM:616330",1
"OMIM:617904",1
"MONDO:0100062",1
"MONDO:0100062",1
"MONDO:0005258",1
"MONDO:0005258",1
"OMIM:619243",1
"MONDO:0005258",1
"MONDO:0001071",1
"MONDO:0001071",1
"MONDO:0005258",1
"OMIM:618371",1
"MONDO:0001071",1
"OMIM:616239",1
"MONDO:0001071",1
"MONDO:0001071",1
"OMIM:256030",0
"OMIM:616362",1
"OMIM:616901",1
"OMIM:616355",1
"OMIM:616271",1
"OMIM:616339",1
"OMIM:613287",0
"OMIM:616420",1
"MONDO:0005071",1
"OMIM:616341",1
"OMIM:614946",1
"OMIM:616276",1
"OMIM:616263",1
"OMIM:300953",1
"OMIM:614098",1
"OMIM:616269",1
"OMIM:616354",1
"OMIM:135500",1
"OMIM:616455",1
"OMIM:616657",1
"OMIM:616486",1
"OMIM:275900",1
"OMIM:601088",1
"OMIM:213200",1
"OMIM:616366",1
"OMIM:616268",1
"OMIM:600987",1
"OMIM:616459",1
"OMIM:608643",1
"OMIM:159950",1
"OMIM:616266",1
"MONDO:0002254",1
"MONDO:0001071",1
"OMIM:618218",1
"MONDO:0001071",1
"MONDO:0001071",1
"OMIM:225790",1
"MONDO:0001071",1
"OMIM:617118",1
"OMIM:616540",1
"OMIM:608709",0
"OMIM:619326",1
"OMIM:301008",1
"OMIM:300983",1
"OMIM:300982",1
"OMIM:309585",1
"OMIM:300978",1
"OMIM:300984",1
"OMIM:314250",0
"OMIM:300966",1
"MONDO:0001071",1
"MONDO:0002254",1
"MONDO:0020022",1
"MONDO:0001071",1
"MONDO:0001071",1
"OMIM:617026",1
"MONDO:0001071",1
"MONDO:0019056",1
"OMIM:618221",1
"MONDO:0005258",1
"MONDO:0020022",1
"MONDO:0001071",1
"MONDO:0001071",1
"OMIM:618890",1
"OMIM:617126",1
"OMIM:616900",1
"MONDO:0001071",1
"OMIM:617822",1
"MONDO:0005071",1
"MONDO:0001071",1
"MONDO:0001071",1
"MONDO:0001071",1
"MONDO:0005071",1
"OMIM:616370",1
"OMIM:617913",1
"MONDO:0001071",1
"MONDO:0001071",1
"OMIM:616730",1
"MONDO:0001071",1
"MONDO:0005071",1
"MONDO:0002254",1
"OMIM:616817",1
"MONDO:0001071",1
"OMIM:616460",1
"OMIM:616281",1
"OMIM:617169",1
"OMIM:615330",1
"OMIM:605711",1
"OMIM:614299",1
"OMIM:616789",1
"MONDO:0001071",1
"OMIM:607346",1
"OMIM:616399",0
"OMIM:614753",1
"OMIM:602535",1
"OMIM:616579",1
"OMIM:617323",1
"OMIM:614820",1
"OMIM:128235",0
"OMIM:601338",0
"OMIM:616723",1
"MONDO:0005071",1
"OMIM:616580",1
"OMIM:615485",1
"OMIM:616521",1
"OMIM:300963",1
"OMIM:220210",1
"OMIM:614678",1
"OMIM:616801",1
"OMIM:615031",1
"OMIM:616632",1
"OMIM:616577",1
"OMIM:616756",1
"OMIM:616490",1
"OMIM:617157",1
"OMIM:616835",1
"MONDO:0001071",1
"OMIM:614833",1
"OMIM:616719",1
"OMIM:616781",1
"OMIM:616881",1
"OMIM:617171",1
"OMIM:616795",0
"OMIM:616682",1
"OMIM:133701",0
"OMIM:617768",1
"MONDO:0001071",1
"MONDO:0001071",1
"MONDO:0001071",1
"MONDO:0001071",1
"MONDO:0001071",1
"MONDO:0001071",1
"MONDO:0100062",1
"MONDO:0001071",1
"MONDO:0001071",1
"MONDO:0001071",1
"OMIM:617393",1
"MONDO:0001071",1
"OMIM:618273",1
"MONDO:0001071",1
"MONDO:0001071",1
"MONDO:0001071",1
"MONDO:0001071",1
"MONDO:0001071",1
"MONDO:0001071",1
"OMIM:610246",0
"OMIM:614487",0
"MONDO:0001071",1
"MONDO:0001071",1
"OMIM:616887",1
"OMIM:254800",1
"MONDO:0001071",1
"OMIM:612900",1
"MONDO:0001071",1
"OMIM:614507",1
"OMIM:225753",1
"OMIM:251110",1
"OMIM:208900",1
"OMIM:609924",1
"OMIM:612951",1
"MONDO:0020022",1
"OMIM:616728",1
"OMIM:252930",1
"OMIM:604360",1
"OMIM:601162",0
"OMIM:616603",1
"OMIM:257920",1
"MONDO:0002254",1
"OMIM:616559",1
"OMIM:616564",1
"OMIM:615670",0
"OMIM:616875",1
"OMIM:616828",1
"OMIM:616878",1
"OMIM:614388_1",1
"OMIM:615286",1
"OMIM:617507",1
"OMIM:614924",1
"OMIM:602342",1
"OMIM:618832",1
"OMIM:617763",1
"OMIM:617086",1
"OMIM:616784",1
"OMIM:614499",1
"OMIM:616917",1
"OMIM:616943",1
"OMIM:251270",1
"OMIM:614498",1
"OMIM:616171",1
"OMIM:616335",1
"OMIM:613135",1
"OMIM:616311",1
"OMIM:616645",1
"OMIM:616056",1
"OMIM:616647",1
"MONDO:0001071",1
"MONDO:0001071",1
"OMIM:617435",1
"MONDO:0001071",1
"OMIM:618004",1
"MONDO:0005258",1
"OMIM:616863",1
"MONDO:0020022",1
"MONDO:0020022",1
"MONDO:0020022",1
"OMIM:617762",1
"OMIM:614501",1
"OMIM:609033",1
"OMIM:300968",1
"OMIM:616139",1
"OMIM:613001",0
"OMIM:619061",1
"OMIM:619055",1
"OMIM:618242",1
"OMIM:618238",1
"OMIM:619054",1
"OMIM:618855",1
"OMIM:619059",1
"OMIM:619052",1
"OMIM:619058",1
"OMIM:618246",1
"OMIM:618233",1
"OMIM:618245",1
"OMIM:618241",1
"OMIM:618234",1
"OMIM:618229",1
"OMIM:618243",1
"OMIM:618247",1
"OMIM:614173",1
"OMIM:614465",1
"OMIM:616654",1
"OMIM:614402",1
"OMIM:607932",1
"OMIM:610125_1",1
"OMIM:615992",1
"OMIM:615996",1
"OMIM:615993",1
"OMIM:612952",1
"OMIM:616342",1
"MONDO:0001071",1
"OMIM:616212",1
"OMIM:604321",1
"OMIM:614728",1
"OMIM:615807",1
"OMIM:614851",1
"OMIM:616094",1
"OMIM:616052",0
"OMIM:615287",1
"OMIM:616538",1
"OMIM:613818",1
"OMIM:613612",1
"OMIM:612937",1
"OMIM:614921",1
"OMIM:613489",1
"OMIM:613661",1
"OMIM:614898",1
"OMIM:613162",1
"OMIM:615030",1
"OMIM:616680",1
"OMIM:616586",1
"OMIM:614409",1
"OMIM:616187",1
"OMIM:300967",1
"OMIM:617140",1
"OMIM:241080",1
"OMIM:617107",1
"OMIM:616683",1
"OMIM:617011",1
"OMIM:617028",1
"OMIM:613680",1
"OMIM:617915",1
"OMIM:617051",1
"OMIM:616127",1
"OMIM:617093",1
"OMIM:617137",1
"OMIM:617044",1
"OMIM:616981",1
"OMIM:616954",1
"OMIM:616973",1
"OMIM:206700_2",1
"OMIM:606658",0
"OMIM:117360",1
"OMIM:616975",1
"OMIM:616920",1
"OMIM:613406",1
"OMIM:610442",1
"OMIM:617053",1
"OMIM:610455",0
"OMIM:617020",1
"OMIM:617268",1
"OMIM:617360",1
"OMIM:617062",1
"OMIM:618672",1
"OMIM:301032",1
"OMIM:615583",1
"OMIM:617159",1
"OMIM:618106",1
"OMIM:617982",1
"OMIM:615789",1
"OMIM:611087",1
"OMIM:611523",1
"OMIM:616277",1
"OMIM:243605",1
"OMIM:614702",1
"OMIM:616081",1
"OMIM:615851",1
"OMIM:612389",1
"OMIM:615809",1
"OMIM:615686",0
"OMIM:608027",1
"OMIM:613811",1
"OMIM:277470",1
"OMIM:610204",1
"OMIM:615544",1
"MONDO:0001071",1
"MONDO:0001071",1
"MONDO:0001071",1
"OMIM:618479",1
"MONDO:0001071",1
"OMIM:616974",1
"OMIM:617063",1
"OMIM:617054",1
"OMIM:616921",1
"OMIM:616922",0
"MONDO:0002254",1
"OMIM:617166",1
"OMIM:612390",1
"MONDO:0001071",1
"OMIM:617090",1
"MONDO:0001071",1
"MONDO:0001071",1
"OMIM:618665",1
"MONDO:0001071",1
"MONDO:0001071",1
"MONDO:0001071",1
"MONDO:0001071",1
"MONDO:0001071",1
"MONDO:0001071",1
"OMIM:617810",1
"MONDO:0001071",1
"MONDO:0001071",1
"MONDO:0001071",1
"MONDO:0001071",1
"MONDO:0001071",1
"MONDO:0001071",1
"MONDO:0001071",1
"MONDO:0001071",1
"OMIM:619470",1
"OMIM:618342",1
"MONDO:0001071",1
"MONDO:0001071",1
"MONDO:0001071",1
"MONDO:0001071",1
"MONDO:0001071",1
"MONDO:0001071",1
"MONDO:0001071",1
"MONDO:0001071",1
"OMIM:605820",0
"OMIM:269921",0
"OMIM:255120",1
"OMIM:617761",1
"OMIM:616300",0
"OMIM:617248",1
"OMIM:610297",0
"OMIM:201470",1
"OMIM:614756",1
"OMIM:613563",1
"OMIM:617506",1
"OMIM:617105",1
"MONDO:0005258",1
"MONDO:0001071",1
"OMIM:619099",1
"MONDO:0001071",1
"OMIM:617276",1
"OMIM:615546",1
"OMIM:616006",1
"OMIM:601390",1
"OMIM:607829",0
"MONDO:0001071",1
"MONDO:0001071",1
"MONDO:0001071",1
"MONDO:0001071",1
"MONDO:0001071",1
"MONDO:0001071",1
"MONDO:0001071",1
"OMIM:211380",1
"MONDO:0001071",1
"OMIM:617013",1
"MONDO:0001071",1
"MONDO:0001071",1
"MONDO:0001071",1
"MONDO:0001071",1
"OMIM:618454",1
"MONDO:0001071",1
"MONDO:0001071",1
"MONDO:0001071",1
"MONDO:0001071",1
"OMIM:618506",1
"OMIM:619083",1
"MONDO:0001071",1
"OMIM:619000",1
"OMIM:618876",1
"MONDO:0001071",1
"MONDO:0001071",1
"MONDO:0001071",1
"MONDO:0001071",1
"MONDO:0001071",1
"MONDO:0001071",1
"MONDO:0001071",1
"MONDO:0001071",1
"MONDO:0001071",1
"MONDO:0001071",1
"MONDO:0001071",1
"MONDO:0001071",1
"OMIM:618547",1
"OMIM:618089",1
"MONDO:0001071",1
"OMIM:617755",1
"OMIM:617333",1
"MONDO:0001071",1
"MONDO:0001071",1
"MONDO:0001071",1
"MONDO:0001071",1
"OMIM:618205",1
"OMIM:617854",1
"OMIM:614496",0
"MONDO:0001071",1
"MONDO:0001071",1
"MONDO:0001071",1
"OMIM:617330",1
"OMIM:608423",1
"OMIM:614980",1
"OMIM:617175",1
"OMIM:618793",1
"MONDO:0001071",1
"OMIM:157800",0
"OMIM:610015",1
"OMIM:617281",1
"OMIM:617146",1
"OMIM:617284",1
"OMIM:617301",1
"OMIM:617255",1
"OMIM:617190",1
"OMIM:617193",1
"OMIM:617207",1
"OMIM:617183_1",1
"OMIM:617183_2",1
"OMIM:617162",1
"OMIM:617188",1
"OMIM:617186",1
"OMIM:617173",1
"OMIM:617182",1
"OMIM:617132",1
"OMIM:617133",0
"OMIM:300986",1
"OMIM:600775",1
"OMIM:617180",0
"OMIM:617816",1
"OMIM:615948",1
"MONDO:0001071",1
"OMIM:617282",1
"OMIM:617184",1
"OMIM:609283",0
"MONDO:0005258",1
"OMIM:614561",1
"OMIM:617406",1
"OMIM:614500_1",0
"MONDO:0001071",1
"OMIM:618863",1
"OMIM:617829",1
"OMIM:618387",1
"OMIM:615418",0
"OMIM:617561",1
"OMIM:617698",1
"OMIM:618329",1
"OMIM:618396",1
"OMIM:607681_1",0
"OMIM:617773",1
"OMIM:615268",1
"OMIM:615440",1
"MONDO:0001071",1
"MONDO:0001071",1
"OMIM:602014",1
"OMIM:617308",1
"OMIM:617308",1
"OMIM:616890",0
"MONDO:0001071",1
"OMIM:274700",1
"MONDO:0005258",1
"MONDO:0001071",1
"MONDO:0005258",1
"OMIM:210710",1
"OMIM:616651",1
"OMIM:616739",1
"OMIM:256850",1
"MONDO:0001071",1
"OMIM:192605",0
"MONDO:0001071",1
"OMIM:617296",1
"OMIM:617787",1
"MONDO:0005258",1
"MONDO:0005258",1
"MONDO:0005258",1
"MONDO:0005258",1
"MONDO:0005258",1
"MONDO:0005258",1
"MONDO:0005258",1
"MONDO:0001071",1
"MONDO:0001071",1
"MONDO:0001071",1
"MONDO:0001071",1
"OMIM:618885",1
"MONDO:0001071",1
"MONDO:0001071",1
"OMIM:618922",1
"MONDO:0001071",1
"MONDO:0001071",1
"MONDO:0001071",1
"OMIM:618868",1
"MONDO:0001071",1
"MONDO:0001071",1
"MONDO:0001071",1
"OMIM:618316",1
"MONDO:0001071",1
"MONDO:0001071",1
"MONDO:0001071",1
"MONDO:0001071",1
"MONDO:0001071",1
"MONDO:0001071",1
"MONDO:0001071",1
"MONDO:0001071",1
"MONDO:0001071",1
"MONDO:0001071",1
"MONDO:0001071",1
"MONDO:0001071",1
"MONDO:0001071",1
"MONDO:0001071",1
"MONDO:0001071",1
"OMIM:617983",1
"MONDO:0001071",1
"MONDO:0001071",1
"MONDO:0001071",1
"MONDO:0001071",1
"MONDO:0001071",1
"MONDO:0001071",1
"MONDO:0001071",1
"MONDO:0001071",1
"MONDO:0001071",1
"MONDO:0001071",1
"OMIM:250620",1
"MONDO:0001071",1
"OMIM:618800",1
"MONDO:0001071",1
"MONDO:0001071",1
"OMIM:157600",0
"OMIM:617542",1
"OMIM:617709",1
"OMIM:617710",1
"OMIM:617873",1
"OMIM:600373",1
"OMIM:618437",1
"MONDO:0001071",1
"OMIM:617127",1
"OMIM:617350",1
"OMIM:615377",0
"OMIM:612838_1",0
"OMIM:604233",0
"MONDO:0100062",1
"OMIM:617432",1
"MONDO:0001071",1
"OMIM:617404",1
"OMIM:617516",1
"OMIM:617425",1
"OMIM:617384",1
"OMIM:617339",1
"OMIM:602531",1
"OMIM:617290",1
"OMIM:617604",1
"OMIM:614969",1
"OMIM:618343",1
"OMIM:130050",0
"OMIM:619064",1
"MONDO:0002254",1
"OMIM:617808",1
"OMIM:616721",1
"MONDO:0001071",1
"MONDO:0001071",1
"OMIM:617798",1
"MONDO:0001071",1
"MONDO:0001071",1
"OMIM:614947",1
"OMIM:616777",1
"OMIM:609060",1
"OMIM:615771",1
"OMIM:156610",0
"MONDO:0001071",1
"OMIM:619157",1
"OMIM:251230",0
"OMIM:114300",0
"OMIM:617260",1
"OMIM:617527",1
"OMIM:617532",1
"OMIM:617601",1
"OMIM:617452",1
"OMIM:617481",1
"OMIM:616286",1
"OMIM:616681",1
"MONDO:0020022",1
"OMIM:616505",0
"OMIM:206500",1
"OMIM:614039",1
"OMIM:600638",0
"OMIM:616457",1
"OMIM:617478",1
"OMIM:619063",1
"OMIM:618571",1
"OMIM:612780",1
"MONDO:0005258",1
"OMIM:617595",1
"MONDO:0001071",1
"OMIM:280000",1
"OMIM:617523",1
"MONDO:0005071",1
"OMIM:617114",1
"OMIM:617602",1
"MONDO:0001071",1
"OMIM:617862",1
"OMIM:236500",1
"MONDO:0001071",1
"OMIM:615560",1
"OMIM:615386",1
"OMIM:600224",0
"OMIM:300997",1
"MONDO:0019046",1
"OMIM:617563",1
"OMIM:617562_2",1
"OMIM:617926",1
"OMIM:617927",1
"OMIM:617537",1
"OMIM:617622",1
"OMIM:617616",1
"OMIM:617665",1
"OMIM:617669",1
"OMIM:617672",1
"OMIM:617664",1
"OMIM:617668",1
"OMIM:201750",1
"OMIM:251280",1
"OMIM:617560",1
"OMIM:617389",1
"OMIM:617599",1
"OMIM:617065",1
"OMIM:612949",1
"OMIM:614961",1
"MONDO:0001071",1
"OMIM:237310",1
"MONDO:0001071",1
"MONDO:0001071",1
"MONDO:0001071",1
"MONDO:0001071",1
"OMIM:617695",1
"OMIM:618383",1
"MONDO:0001071",1
"MONDO:0001071",1
"MONDO:0001071",1
"MONDO:0001071",1
"MONDO:0001071",1
"MONDO:0001071",1
"MONDO:0001071",1
"MONDO:0001071",1
"MONDO:0001071",1
"MONDO:0001071",1
"MONDO:0001071",1
"MONDO:0001071",1
"MONDO:0001071",1
"MONDO:0001071",1
"MONDO:0001071",1
"MONDO:0001071",1
"OMIM:600121",1
"OMIM:266100",1
"OMIM:302950",1
"OMIM:615938",1
"OMIM:613805",1
"OMIM:614114",1
"OMIM:616418_1",1
"OMIM:616418_2",1
"OMIM:219730",1
"OMIM:616220",0
"OMIM:612199",1
"OMIM:613398",1
"OMIM:300960",1
"OMIM:302960",0
"OMIM:615715",1
"OMIM:259775",1
"OMIM:245200",1
"OMIM:220120",1
"OMIM:252500",1
"OMIM:252600",1
"OMIM:252605",1
"OMIM:616198",1
"OMIM:233400",1
"OMIM:261515",1
"OMIM:612233",1
"OMIM:605280",0
"OMIM:236680",1
"OMIM:613657",1
"OMIM:611174",1
"OMIM:243500",1
"OMIM:617468",1
"OMIM:602579",1
"OMIM:616834",1
"OMIM:615273",1
"OMIM:257220_1",1
"OMIM:607625",1
"OMIM:613224",1
"MONDO:0005258",1
"OMIM:616541",1
"OMIM:276880",1
"OMIM:258900",1
"OMIM:123100",0
"OMIM:180750",0
"OMIM:101400_1",1
"OMIM:617746",1
"OMIM:212138",1
"OMIM:610505",1
"OMIM:614052",1
"OMIM:608091",1
"OMIM:603194",0
"OMIM:218700",1
"OMIM:614450",1
"OMIM:616172",1
"OMIM:612716_2",1
"OMIM:117650",1
"OMIM:229050",1
"OMIM:617575",1
"OMIM:619166",1
"OMIM:615190_4",1
"OMIM:615190_1",1
"OMIM:608033",1
"OMIM:201000",1
"OMIM:609069",1
"OMIM:615935",0
"OMIM:614023",1
"OMIM:617807",1
"OMIM:617799",1
"OMIM:617804",1
"OMIM:613886",1
"OMIM:617836",1
"OMIM:613861_2",0
"OMIM:617082",1
"OMIM:617831",1
"MONDO:0001071",1
"OMIM:617757",1
"OMIM:617717",1
"OMIM:617711",1
"OMIM:617713",1
"OMIM:617751",1
"OMIM:617691",0
"OMIM:617694",1
"OMIM:618470",1
"OMIM:618067",1
"OMIM:301006",1
"OMIM:615703",1
"MONDO:0002254",1
"OMIM:606893",0
"OMIM:613075",1
"OMIM:617914",1
"OMIM:616258",0
"OMIM:212350",1
"OMIM:614691",0
"OMIM:617771",1
"OMIM:617899",1
"MONDO:0019056",1
"OMIM:185300",1
"OMIM:163000",0
"MONDO:0020022",1
"OMIM:617143",1
"OMIM:158580",0
"MONDO:0001071",1
"OMIM:616732",1
"OMIM:612289",1
"OMIM:617643",1
"MONDO:0001071",1
"MONDO:0001071",1
"OMIM:616794",1
"OMIM:616867",1
"OMIM:211180",1
"OMIM:202650_1",1
"OMIM:605822",1
"OMIM:251120",1
"OMIM:617056",1
"OMIM:617985",1
"OMIM:617984",1
"OMIM:607944",1
"OMIM:617066",1
"OMIM:616866",0
"OMIM:256810",1
"OMIM:617241",1
"OMIM:300952",1
"OMIM:613385",1
"OMIM:612075_1",1
"OMIM:616829",1
"OMIM:245348",1
"OMIM:618362",1
"OMIM:607454",1
"OMIM:616202",1
"OMIM:611943",1
"OMIM:615159",1
"OMIM:271245",1
"OMIM:615095",1
"OMIM:614219",1
"OMIM:616816",1
"OMIM:100300",1
"OMIM:616589",1
"OMIM:616028",1
"OMIM:615297",1
"OMIM:614814",1
"OMIM:614582",1
"MONDO:0005258",1
"OMIM:614462",1
"OMIM:616204",1
"OMIM:613078",1
"MONDO:0001071",1
"OMIM:612073",1
"OMIM:300863",1
"OMIM:618917",1
"OMIM:604273",1
"OMIM:601238",1
"OMIM:615113",1
"OMIM:302500",1
"MONDO:0005071",1
"MONDO:0001071",1
"OMIM:618604",1
"OMIM:615042",1
"OMIM:203800",1
"MONDO:0001071",1
"MONDO:0001071",1
"MONDO:0001071",1
"OMIM:301022",1
"OMIM:618027",1
"OMIM:618252",1
"MONDO:0005258",1
"OMIM:617929",1
"OMIM:616737",1
"OMIM:618005",1
"OMIM:618109",1
"MONDO:0001071",1
"OMIM:617864",1
"OMIM:617865",1
"MONDO:0001071",1
"OMIM:617675_2",1
"OMIM:618557",1
"OMIM:615917",1
"MONDO:0005258",1
"OMIM:617931",1
"MONDO:0100062",1
"OMIM:615327",1
"MONDO:0001071",1
"OMIM:605275",1
"MONDO:0020022",1
"MONDO:0020022",1
"OMIM:613610",0
"OMIM:614091",0
"MONDO:0001071",1
"MONDO:0001071",1
"OMIM:619244",1
"MONDO:0001071",1
"MONDO:0001071",1
"MONDO:0001071",1
"OMIM:618808",1
"MONDO:0005066",1
"MONDO:0001071",1
"MONDO:0001071",1
"MONDO:0001071",1
"MONDO:0001071",1
"OMIM:601003",0
"MONDO:0001071",1
"MONDO:0001071",1
"MONDO:0001071",1
"MONDO:0001071",1
"MONDO:0001071",1
"MONDO:0001071",1
"OMIM:618174",1
"MONDO:0001071",1
"OMIM:300511",0
"MONDO:0001071",1
"MONDO:0001071",1
"OMIM:619576",1
"MONDO:0001071",1
"OMIM:616631",0
"MONDO:0001071",1
"MONDO:0001071",1
"MONDO:0001071",1
"MONDO:0001071",1
"MONDO:0001071",1
"MONDO:0001071",1
"MONDO:0001071",1
"MONDO:0001071",1
"OMIM:255800",0
"OMIM:224410",0
"MONDO:0001071",1
"MONDO:0001071",1
"MONDO:0001071",1
"MONDO:0001071",1
"MONDO:0001071",1
"MONDO:0001071",1
"OMIM:619004",1
"MONDO:0001071",1
"MONDO:0001071",1
"MONDO:0001071",1
"MONDO:0001071",1
"OMIM:618278",1
"MONDO:0001071",1
"MONDO:0001071",1
"OMIM:618718",1
"OMIM:301056",1
"MONDO:0001071",1
"MONDO:0001071",1
"MONDO:0001071",1
"OMIM:613877",0
"OMIM:301030",1
"OMIM:301220",0
"MONDO:0001071",1
"MONDO:0001071",1
"OMIM:616108",1
"MONDO:0001071",1
"OMIM:616402",1
"MONDO:0001071",1
"MONDO:0001071",1
"MONDO:0001071",1
"MONDO:0001071",1
"MONDO:0001071",1
"MONDO:0001071",1
"MONDO:0001071",1
"MONDO:0001071",1
"MONDO:0001071",1
"MONDO:0001071",1
"MONDO:0001071",1
"OMIM:616188",0
"MONDO:0001071",1
"MONDO:0001071",1
"MONDO:0001071",1
"MONDO:0001071",1
"OMIM:619418",1
"OMIM:608323",0
"MONDO:0001071",1
"MONDO:0001071",1
"OMIM:205100",0
"OMIM:606353",0
"OMIM:607225",0
"OMIM:617055",1
"OMIM:612943",0
"OMIM:618103",1
"MONDO:0001071",1
"OMIM:617935",1
"OMIM:617938",1
"OMIM:617988",1
"MONDO:0001071",1
"OMIM:618008",1
"MONDO:0001071",1
"MONDO:0001071",1
"OMIM:211750",1
"OMIM:617519",1
"OMIM:618065",1
"OMIM:618060",1
"OMIM:617954",1
"OMIM:617951",1
"OMIM:618120",1
"OMIM:618009",1
"OMIM:618006",1
"MONDO:0001071",1
"MONDO:0001071",1
"OMIM:617008",1
"OMIM:617936_2",1
"OMIM:159900",1
"OMIM:609446",0
"OMIM:618961",1
"OMIM:618076",1
"OMIM:618918",1
"OMIM:618223",1
"OMIM:618010",1
"MONDO:0019056",1
"OMIM:610623_4",1
"OMIM:610623_1",0
"OMIM:107250",0
"MONDO:0001071",1
"MONDO:0001071",1
"MONDO:0001071",1
"MONDO:0001071",1
"OMIM:617976",1
"OMIM:616809",1
"OMIM:616025",1
"OMIM:610293",1
"OMIM:617613",1
"OMIM:616494",1
"OMIM:617964",1
"OMIM:618095",1
"MONDO:0001071",1
"MONDO:0001071",1
"MONDO:0001071",1
"OMIM:618088",1
"OMIM:618097",1
"MONDO:0001071",1
"OMIM:618170",1
"OMIM:618090",1
"OMIM:618164",1
"OMIM:618707",1
"OMIM:618156",1
"MONDO:0001071",1
"OMIM:610090",1
"OMIM:618347",1
"OMIM:618330",1
"OMIM:618092",1
"OMIM:617237",1
"MONDO:0001071",1
"MONDO:0001071",1
"OMIM:618331",1
"OMIM:613658",1
"OMIM:243700",0
"OMIM:618752",1
"MONDO:0005258",1
"OMIM:618339",1
"MONDO:0001071",1
"OMIM:613123",0
"OMIM:163800",0
"MONDO:0100062",1
"OMIM:160120",0
"OMIM:618416",1
"OMIM:616672",1
"OMIM:616949",1
"OMIM:617116",1
"MONDO:0001071",1
"MONDO:0001071",1
"OMIM:618798_2",1
"MONDO:0001071",1
"MONDO:0001071",1
"MONDO:0001071",1
"OMIM:614923",1
"MONDO:0001071",1
"OMIM:612437",0
"MONDO:0005258",1
"OMIM:613916",1
"OMIM:145420",1
"MONDO:0001071",1
"OMIM:151623",0
"OMIM:618468",1
"MONDO:0001071",1
"OMIM:615685",0
"OMIM:615155",1
"OMIM:616113",1
"MONDO:0002254",1
"MONDO:0001071",1
"MONDO:0001071",1
"OMIM:161400",0
"MONDO:0001071",1
"MONDO:0001071",1
"OMIM:612394",0
"OMIM:616224",1
"OMIM:618835",1
"OMIM:615705",1
"OMIM:616291",1
"OMIM:615658",1
"OMIM:604484",0
"OMIM:617825",1
"OMIM:618453",1
"MONDO:0001071",1
"MONDO:0001071",1
"OMIM:605375",1
"MONDO:0001071",1
"MONDO:0001071",1
"MONDO:0001071",1
"OMIM:618276",1
"MONDO:0001071",1
"MONDO:0001071",1
"MONDO:0001071",1
"MONDO:0001071",1
"MONDO:0001071",1
"MONDO:0001071",1
"MONDO:0001071",1
"MONDO:0001071",1
"MONDO:0001071",1
"MONDO:0001071",1
"MONDO:0001071",1
"MONDO:0001071",1
"MONDO:0001071",1
"MONDO:0001071",1
"MONDO:0001071",1
"MONDO:0001071",1
"MONDO:0001071",1
"MONDO:0001071",1
"MONDO:0001071",1
"MONDO:0001071",1
"OMIM:617802",1
"MONDO:0001071",1
"MONDO:0001071",1
"MONDO:0001071",1
"MONDO:0001071",1
"MONDO:0001071",1
"MONDO:0001071",1
"MONDO:0001071",1
"MONDO:0001071",1
"OMIM:618049",1
"MONDO:0001071",1
"OMIM:616763",1
"MONDO:0001071",1
"MONDO:0001071",1
"MONDO:0001071",1
"MONDO:0001071",1
"MONDO:0001071",1
"MONDO:0001071",1
"OMIM:618731",1
"MONDO:0001071",1
"MONDO:0001071",1
"MONDO:0001071",1
"MONDO:0001071",1
"MONDO:0001071",1
"MONDO:0001071",1
"MONDO:0001071",1
"MONDO:0001071",1
"OMIM:614844_4",1
"MONDO:0001071",1
"OMIM:617027",0
"OMIM:270550",1
"OMIM:618853",1
"MONDO:0001071",1
"MONDO:0001071",1
"MONDO:0001071",1
"MONDO:0001071",1
"MONDO:0001071",1
"MONDO:0001071",1
"MONDO:0001071",1
"MONDO:0001071",1
"OMIM:618356",1
"MONDO:0001071",1
"OMIM:619080",1
"MONDO:0001071",1
"MONDO:0001071",1
"MONDO:0001071",1
"MONDO:0005071",1
"MONDO:0001071",1
"OMIM:617294",0
"MONDO:0001071",1
"MONDO:0001071",1
"MONDO:0001071",1
"MONDO:0001071",1
"MONDO:0001071",1
"MONDO:0001071",1
"MONDO:0001071",1
"MONDO:0001071",1
"MONDO:0001071",1
"MONDO:0001071",1
"MONDO:0001071",1
"OMIM:603563",0
"OMIM:260400",1
"MONDO:0001071",1
"OMIM:253600",0
"OMIM:618129",0
"MONDO:0001071",1
"OMIM:615300",1
"OMIM:608611",1
"MONDO:0019046",1
"OMIM:194080_1",0
"OMIM:136680_1",0
"OMIM:256370",0
"OMIM:300887",1
"OMIM:615889",1
"OMIM:614096",1
"OMIM:610006",1
"OMIM:203750",1
"MONDO:0001071",1
"OMIM:614105",1
"OMIM:617164",1
"OMIM:614654",1
"OMIM:600348",1
"OMIM:613076",1
"OMIM:617228",1
"OMIM:618237",1
"OMIM:616140",1
"OMIM:311900",1
"OMIM:300238",1
"MONDO:0001071",1
"MONDO:0001071",1
"MONDO:0100062",1
"MONDO:0001071",1
"MONDO:0001071",1
"MONDO:0001071",1
"MONDO:0001071",1
"MONDO:0001071",1
"MONDO:0001071",1
"MONDO:0100062",1
"MONDO:0001071",1
"MONDO:0001071",1
"MONDO:0001071",1
"MONDO:0001071",1
"MONDO:0001071",1
"OMIM:618737",1
"MONDO:0001071",1
"MONDO:0001071",1
"MONDO:0001071",1
"OMIM:618797",1
"MONDO:0001071",1
"MONDO:0001071",1
"MONDO:0001071",1
"OMIM:149400_2",0
"MONDO:0001071",1
"MONDO:0001071",1
"OMIM:601493_1",0
"OMIM:609452",0
"MONDO:0001071",1
"MONDO:0001071",1
"OMIM:214500",0
"MONDO:0001071",1
"MONDO:0001071",1
"MONDO:0001071",1
"MONDO:0001071",1
"MONDO:0001071",1
"MONDO:0001071",1
"MONDO:0001071",1
"MONDO:0001071",1
"MONDO:0001071",1
"MONDO:0001071",1
"OMIM:618286",1
"MONDO:0001071",1
"MONDO:0001071",1
"MONDO:0001071",1
"MONDO:0001071",1
"MONDO:0001071",1
"MONDO:0001071",1
"MONDO:0001071",1
"MONDO:0100062",1
"OMIM:301024",1
"MONDO:0001071",1
"OMIM:618577",1
"OMIM:618381",1
"OMIM:618143",1
"OMIM:618374",1
"MONDO:0001071",1
"MONDO:0001071",1
"OMIM:617584",1
"OMIM:619273",1
"MONDO:0001071",1
"MONDO:0001071",1
"MONDO:0001071",1
"MONDO:0001071",1
"MONDO:0001071",1
"MONDO:0001071",1
"OMIM:604772",0
"MONDO:0001071",1
"MONDO:0001071",1
"MONDO:0001071",1
"MONDO:0001071",1
"MONDO:0001071",1
"MONDO:0001071",1
"OMIM:618774",1
"OMIM:619087",1
"MONDO:0001071",1
"MONDO:0001071",1
"MONDO:0001071",1
"MONDO:0001071",1
"MONDO:0001071",1
"MONDO:0001071",1
"OMIM:618354",1
"OMIM:618480",1
"OMIM:618659",1
"OMIM:618443",1
"OMIM:618460",1
"MONDO:0001071",1
"OMIM:618379",1
"MONDO:0002254",1
"OMIM:615777",1
"OMIM:618324",1
"OMIM:618325",1
"OMIM:264090",1
"OMIM:618268",1
"OMIM:618314",1
"OMIM:618036",0
"OMIM:618158",1
"OMIM:618150",0
"OMIM:618161",1
"OMIM:618253",1
"OMIM:618840",1
"OMIM:616509",0
"OMIM:618275",0
"OMIM:618569",1
"MONDO:0005258",1
"OMIM:619147",1
"OMIM:606220",1
"MONDO:0001071",1
"OMIM:618732",1
"MONDO:0001071",1
"OMIM:604391",1
"MONDO:0001071",1
"MONDO:0001071",1
"OMIM:616503",0
"MONDO:0001071",1
"MONDO:0001071",1
"OMIM:164745",1
"MONDO:0100062",1
"OMIM:618328",1
"MONDO:0001071",1
"OMIM:615768",1
"OMIM:618093",0
"MONDO:0005258",1
"MONDO:0005258",1
"MONDO:0001071",1
"OMIM:226960",1
"OMIM:618426",1
"MONDO:0001071",1
"MONDO:0020022",1
"OMIM:143100",0
"MONDO:0100062",1
"OMIM:613988",1
"OMIM:619075",1
"MONDO:0001071",1
"MONDO:0001071",1
"OMIM:616894",1
"MONDO:0001071",1
"OMIM:612932",0
"MONDO:0001071",1
"MONDO:0001071",1
"MONDO:0001071",1
"MONDO:0001071",1
"MONDO:0001071",1
"MONDO:0001071",1
"MONDO:0001071",1
"MONDO:0001071",1
"MONDO:0001071",1
"OMIM:614900",1
"MONDO:0001071",1
"MONDO:0001071",1
"MONDO:0001071",1
"MONDO:0001071",1
"MONDO:0001071",1
"MONDO:0001071",1
"OMIM:618505",1
"MONDO:0001071",1
"OMIM:619312",1
"MONDO:0001071",1
"MONDO:0001071",1
"MONDO:0001071",1
"MONDO:0001071",1
"MONDO:0001071",1
"MONDO:0001071",1
"MONDO:0001071",1
"MONDO:0001071",1
"MONDO:0001071",1
"MONDO:0001071",1
"OMIM:190320",1
"OMIM:104510",0
"MONDO:0001071",1
"MONDO:0001071",1
"MONDO:0001071",1
"MONDO:0001071",1
"MONDO:0001071",1
"OMIM:614131",0
"OMIM:617641",1
"MONDO:0001071",1
"MONDO:0001071",1
"MONDO:0001071",1
"MONDO:0001071",1
"MONDO:0001071",1
"MONDO:0001071",1
"MONDO:0001071",1
"MONDO:0001071",1
"MONDO:0001071",1
"OMIM:618779",1
"MONDO:0001071",1
"MONDO:0001071",1
"MONDO:0001071",1
"MONDO:0001071",1
"MONDO:0001071",1
"MONDO:0001071",1
"MONDO:0001071",1
"MONDO:0001071",1
"MONDO:0001071",1
"MONDO:0001071",1
"MONDO:0001071",1
"MONDO:0001071",1
"MONDO:0001071",1
"OMIM:618760",1
"MONDO:0001071",1
"OMIM:612794",0
"OMIM:613424_1",0
"OMIM:612098",0
"MONDO:0044970",1
"OMIM:616228",1
"OMIM:263210",0
"OMIM:618087",1
"OMIM:618346",1
"OMIM:615966",1
"OMIM:615918",1
"OMIM:618201",1
"OMIM:613845",1
"OMIM:617682",1
"OMIM:618500",1
"OMIM:618497",1
"OMIM:301026",1
"OMIM:221820",0
"OMIM:618476",1
"OMIM:618494",1
"OMIM:618846",1
"OMIM:618763",1
"OMIM:618748",1
"OMIM:618891",1
"OMIM:618425",1
"MONDO:0001071",1
"OMIM:618493",1
"MONDO:0001071",1
"MONDO:0001071",1
"MONDO:0001071",1
"MONDO:0001071",1
"MONDO:0001071",1
"MONDO:0001071",1
"OMIM:100100",0
"MONDO:0001071",1
"MONDO:0001071",1
"OMIM:614823",0
"MONDO:0001071",1
"MONDO:0001071",1
"MONDO:0001071",1
"MONDO:0001071",1
"MONDO:0001071",1
"MONDO:0001071",1
"MONDO:0001071",1
"MONDO:0001071",1
"MONDO:0001071",1
"MONDO:0001071",1
"MONDO:0001071",1
"MONDO:0001071",1
"OMIM:619561",1
"MONDO:0001071",1
"OMIM:235700",0
"OMIM:605285",0
"OMIM:617460",0
"MONDO:0044970",1
"OMIM:245450",1
"OMIM:614458",1
"OMIM:617102",1
"OMIM:277170",1
"OMIM:260565",1
"OMIM:617830",1
"OMIM:610498",1
"OMIM:610678",1
"OMIM:615595",1
"OMIM:615228",1
"OMIM:611390",1
"OMIM:616430",1
"OMIM:616539",1
"OMIM:616811",1
"OMIM:617872",1
"OMIM:617950",1
"OMIM:618378",1
"OMIM:617767",1
"OMIM:617120",1
"OMIM:618402",1
"OMIM:618295",1
"OMIM:618397",1
"OMIM:616602",1
"OMIM:208085",1
"MONDO:0002254",1
"OMIM:617729",1
"OMIM:617730",1
"OMIM:617731",1
"OMIM:618348",1
"OMIM:618349",1
"OMIM:274400",1
"OMIM:274900",1
"OMIM:274800",1
"OMIM:607200",1
"OMIM:613826",1
"OMIM:608194",0
"OMIM:616734",1
"OMIM:616734",1
"OMIM:277380",1
"OMIM:221750",1
"OMIM:616489",1
"OMIM:108720",0
"OMIM:108721",0
"OMIM:112310",0
"OMIM:150250",1
"OMIM:272460",0
"OMIM:609053",1
"OMIM:608022",1
"OMIM:615290",0
"OMIM:618291",1
"OMIM:615349",1
"OMIM:271640",1
"OMIM:613451",1
"OMIM:229100",1
"OMIM:616353",1
"OMIM:616371",0
"OMIM:270450_2",1
"OMIM:610199",1
"OMIM:268305",1
"OMIM:615643",1
"OMIM:618266",1
"OMIM:231550",1
"OMIM:617475",1
"OMIM:615651",1
"OMIM:605635",0
"MONDO:0005258",1
"OMIM:250220",1
"OMIM:619178",1
"OMIM:223900",1
"OMIM:615156",0
"OMIM:120433",1
"OMIM:600001",1
"OMIM:614475",0
"OMIM:614474",0
"OMIM:217095_5",0
"OMIM:187500_5",0
"OMIM:618652",1
"OMIM:618625",1
"MONDO:0001071",1
"MONDO:0001071",1
"MONDO:0001071",1
"MONDO:0001071",1
"MONDO:0001071",1
"MONDO:0001071",1
"MONDO:0001071",1
"OMIM:618580",1
"OMIM:618541",1
"OMIM:611490",0
"OMIM:166600",0
"OMIM:618658",1
"OMIM:618624",1
"OMIM:618587",1
"OMIM:618492",1
"OMIM:618504",1
"MONDO:0001071",1
"MONDO:0001071",1
"MONDO:0001071",1
"MONDO:0001071",1
"OMIM:619268",1
"OMIM:618622",1
"OMIM:619466",1
"MONDO:0001071",1
"MONDO:0001071",1
"OMIM:619060",1
"OMIM:618889",1
"OMIM:618108",1
"OMIM:614129",1
"OMIM:619405",1
"OMIM:212140",1
"OMIM:618404",1
"OMIM:618872",1
"OMIM:618729",1
"OMIM:618559",1
"OMIM:618950",1
"MONDO:0001071",1
"OMIM:613410",1
"OMIM:304110",1
"MONDO:0001071",1
"MONDO:0001071",1
"MONDO:0005258",1
"MONDO:0001071",1
"MONDO:0005258",1
"OMIM:618142",1
"OMIM:618546",1
"OMIM:618709",1
"OMIM:618603",1
"OMIM:618590",1
"MONDO:0001071",1
"MONDO:0001071",1
"OMIM:242150",1
"OMIM:618699",1
"OMIM:618687",1
"OMIM:618688",1
"OMIM:301039",1
"OMIM:618929",1
"OMIM:618677",1
"OMIM:618644",1
"OMIM:618721",1
"OMIM:618653",1
"OMIM:618914",1
"MONDO:0100062",1
"OMIM:618730",1
"MONDO:0001071",1
"MONDO:0001071",1
"MONDO:0001071",1
"OMIM:618959",1
"OMIM:618646",1
"MONDO:0001071",1
"MONDO:0001071",1
"MONDO:0001071",1
"MONDO:0100062",1
"MONDO:0100062",1
"OMIM:619503",1
"OMIM:615007",1
"OMIM:616592",1
"MONDO:0700096_1",0
"OMIM:228550",0
"OMIM:601812",1
"MONDO:0020022",1
"OMIM:617941",1
"OMIM:618619",1
"OMIM:618499",1
"MONDO:0001071",1
"OMIM:213000",1
"OMIM:616483",1
"OMIM:614800",1
"OMIM:618635",1
"OMIM:617820",1
"MONDO:0001071",1
"OMIM:618873",1
"OMIM:618824",1
"OMIM:618828",1
"OMIM:618805",1
"OMIM:618798_1",1
"OMIM:618845",1
"OMIM:618820",1
"OMIM:618775",1
"OMIM:618776",1
"MONDO:0100062",1
"OMIM:618741",1
"OMIM:618663",1
"OMIM:618770",1
"OMIM:613854",1
"OMIM:617396",1
"OMIM:618786",1
"MONDO:0001071",1
"MONDO:0005258",1
"OMIM:617119",1
"OMIM:301013",1
"MONDO:0001071",1
"OMIM:613987",1
"MONDO:0005258",1
"MONDO:0001071",1
"OMIM:618727",1
"OMIM:618870",1
"MONDO:0001071",1
"OMIM:613855",0
"MONDO:0001071",1
"MONDO:0001071",1
"MONDO:0001071",1
"MONDO:0001071",1
"OMIM:618761",1
"MONDO:0002254",1
"MONDO:0005258",1
"OMIM:618744",1
"OMIM:618766",1
"OMIM:618804",1
"MONDO:0005258",1
"MONDO:0005258",1
"MONDO:0005258",1
"MONDO:0001071",1
"MONDO:0001071",1
"MONDO:0001071",1
"OMIM:615361",0
"OMIM:145981",0
"MONDO:0001071",1
"OMIM:114290_2",0
"MONDO:0001071",1
"MONDO:0001071",1
"MONDO:0001071",1
"MONDO:0001071",1
"OMIM:615528_1",1
"OMIM:618792",1
"OMIM:618548",1
"OMIM:618768",1
"OMIM:618418",1
"OMIM:615491",1
"OMIM:615681",1
"OMIM:618859",1
"MONDO:0020022",1
"OMIM:618877",1
"MONDO:0001071",1
"OMIM:618829",1
"OMIM:618920",0
"OMIM:613951",1
"OMIM:607317",1
"MONDO:0001071",1
"MONDO:0001071",1
"MONDO:0001071",1
"MONDO:0001071",1
"OMIM:618970",1
"OMIM:618971",1
"MONDO:0002254",1
"OMIM:618916",1
"OMIM:618862",1
"OMIM:618879",1
"OMIM:618875",1
"OMIM:619323",1
"MONDO:0001071",1
"OMIM:614504",0
"OMIM:616625",0
"MONDO:0001071",1
"MONDO:0001071",1
"MONDO:0044970",1
"MONDO:0001071",1
"OMIM:616038",1
"MONDO:0002254",1
"OMIM:300373",1
"MONDO:0001071",1
"OMIM:618974",1
"OMIM:617235",1
"OMIM:604187",0
"OMIM:258501",1
"OMIM:165300",0
"OMIM:618012",1
"OMIM:617403",1
"OMIM:250410",1
"OMIM:267000",1
"OMIM:245150",1
"OMIM:245800",0
"OMIM:215470",0
"OMIM:275400",1
"OMIM:612020",1
"OMIM:234500",1
"OMIM:222470",1
"OMIM:614069",1
"OMIM:616084",1
"OMIM:616959",0
"OMIM:266920",1
"OMIM:209885",1
"OMIM:200110",1
"OMIM:227260",0
"OMIM:605282",1
"OMIM:619314",1
"OMIM:203740",1
"MONDO:0001071",1
"OMIM:618160",1
"OMIM:619150",1
"MONDO:0001071",1
"MONDO:0001071",1
"MONDO:0020022",1
"MONDO:0001071",1
"MONDO:0001071",1
"MONDO:0044970",1
"MONDO:0001071",1
"MONDO:0001071",1
"MONDO:0044970",1
"OMIM:613656",1
"MONDO:0001071",1
"MONDO:0001071",1
"OMIM:619260",1
"OMIM:608553",0
"OMIM:618910",1
"OMIM:619124",1
"MONDO:0001071",1
"MONDO:0001071",1
"OMIM:619123",1
"MONDO:0001071",1
"MONDO:0001071",1
"OMIM:619081",0
"OMIM:619090",1
"OMIM:616688",0
"OMIM:300261",1
"OMIM:619026",1
"OMIM:619027",0
"OMIM:273250",0
"OMIM:619179",1
"OMIM:169500",0
"OMIM:619522",1
"OMIM:619103",1
"OMIM:619092",1
"OMIM:619092",1
"OMIM:619143_1",1
"MONDO:0001071",1
"OMIM:619005",1
"OMIM:611376",0
"OMIM:618321",1
"OMIM:618947",1
"OMIM:128100",0
"OMIM:619318",1
"MONDO:0001071",1
"OMIM:604370_1",0
"OMIM:617883",1
"MONDO:0001071",1
"OMIM:619180",1
"OMIM:619264",1
"MONDO:0001071",1
"OMIM:619557",1
"MONDO:0005071",1
"OMIM:124480",1
"MONDO:0001071",1
"OMIM:602771",1
"MONDO:0001071",1
"MONDO:0001071",1
"MONDO:0001071",1
"MONDO:0001071",1
"MONDO:0001071",1
"MONDO:0001071",1
"MONDO:0001071",1
"MONDO:0001071",1
"MONDO:0001071",1
"MONDO:0001071",1
"OMIM:619475",1
"MONDO:0001071",1
"MONDO:0001071",1
"MONDO:0001071",1
"OMIM:615034",1
"MONDO:0005071",0
"MONDO:0001071",1
"MONDO:0001071",1
"MONDO:0001071",1
"MONDO:0001071",1
"OMIM:618185",1
"MONDO:0001071",1
"OMIM:615092",0
"MONDO:0001071",1
"MONDO:0001071",1
"OMIM:600059",0
"MONDO:0001071",1
"OMIM:619228",1
"MONDO:0001071",1
"OMIM:600740",0
"MONDO:0001071",1
"OMIM:609260",0
"OMIM:617087",0
"OMIM:601152",0
"MONDO:0001071",1
"OMIM:615344",0
"MONDO:0001071",1
"OMIM:607450",0
"OMIM:605676",0
"OMIM:615821",0
"OMIM:609638",0
"OMIM:612908",0
"MONDO:0700096_1",0
"OMIM:619291",1
"OMIM:619389",1
"OMIM:619527",1
"MONDO:0002254",1
"OMIM:619194",1
"MONDO:0001071",1
"OMIM:619149",1
"OMIM:617072",1
"OMIM:618430",1
"OMIM:615551",0
"OMIM:618484",0
"OMIM:617925",0
"MONDO:0044970",1
"MONDO:0005258",1
"OMIM:123570",0
"OMIM:300636",0
"OMIM:616329",0
"OMIM:614470_1",0
"OMIM:616684",0
"OMIM:617903",1
"MONDO:0001071",1
"OMIM:619426",1
"OMIM:619373",1
"MONDO:0001071",1
"OMIM:619229",1
"OMIM:619184",1
"OMIM:301058_1",1
"OMIM:619320",1
"OMIM:619325",1
"OMIM:619173",1
"MONDO:0001071",1
"MONDO:0001071",1
"MONDO:0001071",1
"MONDO:0001071",1
"MONDO:0001071",1
"MONDO:0001071",1
"MONDO:0001071",1
"MONDO:0001071",1
"MONDO:0001071",1
"OMIM:619286",1
"OMIM:619376",1
"OMIM:609306",0
"MONDO:0001071",1
"OMIM:142669",0
"OMIM:617974",0
"MONDO:0001071",1
"MONDO:0001071",1
"MONDO:0005258",1
"MONDO:0001071",1
"MONDO:0001071",1
"MONDO:0001071",1
"MONDO:0001071",1
"OMIM:618360",1
"OMIM:611788",0
"OMIM:614042",0
"OMIM:613834",1
"OMIM:619255",1
"MONDO:0001071",1
"MONDO:0001071",1
"MONDO:0001071",1
"MONDO:0001071",1
"OMIM:618272",1
"OMIM:138800",0
"OMIM:601200",1
"OMIM:180295",0
"MONDO:0001071",1
"MONDO:0001071",1
"OMIM:619220",1
"MONDO:0001071",1
"MONDO:0001071",1
"OMIM:301044",1
"OMIM:618351",1
"OMIM:618179",1
"OMIM:617800",1
"OMIM:615414",1
"MONDO:0001071",1
"OMIM:608013",1
"OMIM:230800",0
"OMIM:230900",1
"OMIM:231000",1
"OMIM:231005",1
"OMIM:616230",1
"OMIM:607341_3",1
"MONDO:0001071",1
"OMIM:606438",0
"MONDO:0001071",1
"MONDO:0001071",1
"MONDO:0001071",1
"OMIM:618239",1
"OMIM:618249",1
"OMIM:301021",1
"OMIM:618251",1
"OMIM:619003",1
"OMIM:619170",1
"OMIM:619167",1
"OMIM:615160",1
"OMIM:615824",1
"OMIM:616111",1
"OMIM:614053",1
"OMIM:618683",1
"OMIM:608908",0
"OMIM:616501",1
"OMIM:619065",1
"OMIM:618857_2",1
"OMIM:613038_1",1
"OMIM:601777_2",0
"OMIM:151600_1",0
"OMIM:146700_1",0
"OMIM:202650_2",1
"OMIM:614844_3",1
"OMIM:149400_1",0
"OMIM:301058_2",1
"OMIM:300958_1",1
"OMIM:225750_1",1
"OMIM:206700_1",1
"MONDO:0002254",1
"OMIM:619012",1
"OMIM:619423",1
"OMIM:619512",1
"OMIM:619517",1
"OMIM:619493",1
"OMIM:619467",1
"OMIM:619548",1
"OMIM:619472",1
"OMIM:619451",1
"OMIM:619504",1
"OMIM:619435",1
"MONDO:0019056",1
"OMIM:619196",1
"OMIM:618447",0
"MONDO:0001071",1
"OMIM:619122",1
"OMIM:616005",1
"OMIM:615214",0
"MONDO:0002254",1
"MONDO:0001071",1
"MONDO:0001071",1
"OMIM:619488",1
"MONDO:0001071",1
"MONDO:0044970",1
"OMIM:619328",1
"OMIM:614706",1
"MONDO:0019056",0
"OMIM:619125",1
"OMIM:618482",1
"OMIM:606070",0
"MONDO:0001071",1
"OMIM:105400_1",0
"OMIM:618598",1
"MONDO:0005258",1
"MONDO:0001071",1
"OMIM:614416",1
"OMIM:617394",1
"OMIM:616217",0
"OMIM:610212",0
"MONDO:0001071",1
"MONDO:0001071",1
"MONDO:0001071",1
"MONDO:0001071",1
"MONDO:0001071",1
"MONDO:0001071",1
"MONDO:0001071",1
"MONDO:0001071",1
"MONDO:0001071",1
"OMIM:619422",1
"OMIM:617145",1
"OMIM:167250",0
"OMIM:617158",0
"OMIM:616437",0
"OMIM:616053",0
"MONDO:0001071",1
"MONDO:0001071",1
"OMIM:176000_1",0
"MONDO:0001071",1
"MONDO:0001071",1
"MONDO:0001071",1
"MONDO:0001071",1
"MONDO:0001071",1
"OMIM:619057",1
"OMIM:619025",1
"OMIM:618958",1
"OMIM:618951",1
"OMIM:618851",1
"OMIM:618838",1
"OMIM:619340",1
"MONDO:0001071",1
"MONDO:0001071",1
"MONDO:0001071",1
"MONDO:0001071",1
"OMIM:619352",1
"OMIM:618176",1
"MONDO:0001071",1
"OMIM:619131",1
"OMIM:208100",1
"MONDO:0001071",1
"OMIM:618265",1
"MONDO:0001071",1
"OMIM:614418",1
"OMIM:614417_1",0
"MONDO:0005258",1
"MONDO:0001071",1
"OMIM:617661",1
"OMIM:617660",1
"MONDO:0001071",1
"OMIM:616531",1
"OMIM:616507",1
"OMIM:619185",1
"MONDO:0002254",1
"OMIM:619580",1
"MONDO:0001071",1
"MONDO:0001071",1
"OMIM:619333",1
"MONDO:0100062",1
"MONDO:0020022",1
"MONDO:0020022",1
"MONDO:0020022",1
"OMIM:616280",0
"OMIM:615486",0
"MONDO:0001071",1
"OMIM:619121",1
"MONDO:0002254",1
"OMIM:232500",0
"OMIM:263570",0
"MONDO:0005258",1
"MONDO:0001071",1
"OMIM:613882",0
"OMIM:245600",1
"MONDO:0005066",1
"OMIM:619585",0
"OMIM:619582",1
"MONDO:0005258",1
"OMIM:612999",0
"OMIM:614858",0
"OMIM:617156",1
"OMIM:168000",0
"OMIM:171300_2",0
"MONDO:0005066",1
"OMIM:124900",0
"MONDO:0002254",1
"OMIM:617967",1
"OMIM:619476",1
"OMIM:619479",1
"OMIM:615945",0
"MONDO:0020022",1
"OMIM:300438",1
"OMIM:619406",1
"OMIM:616045",1
"MONDO:0001071",1
"OMIM:615515",0
"MONDO:0002254",1
"OMIM:618056",1
"OMIM:619609",1
"MONDO:0002254",1
"MONDO:0001071",1
"MONDO:0001071",1
"OMIM:619562",1
"MONDO:0002254",1
"OMIM:301068",0
"MONDO:0020022",1
"OMIM:619814",1
"OMIM:619708",0
"OMIM:619615",0
"MONDO:0001071",1
"OMIM:619761",1
"OMIM:619762",1
"OMIM:614327",0
"OMIM:619775",1
"MONDO:0001071",1
"MONDO:0001071",1
"MONDO:0002254",1
"OMIM:619605",1
"OMIM:619742",1
"MONDO:0005071",1
"OMIM:619606",1
"OMIM:619758",1
"OMIM:619575",1
"MONDO:0002254",1
"MONDO:0002254",1
"OMIM:618974",1
"OMIM:619694",1
"OMIM:619725",1
"OMIM:619639",1
"OMIM:619743_1",1
"OMIM:619743_2",1
"OMIM:619797",1
"OMIM:619777",1
"OMIM:619720",1
"OMIM:619721",1
"OMIM:619641",1
"OMIM:619717",1
"OMIM:619688",1
"OMIM:619621",1
"OMIM:619616",1
"OMIM:619735",1
"OMIM:619745",1
"OMIM:619769",1
"OMIM:619690",1
"OMIM:619737",1
"OMIM:619701",1
"OMIM:617933",1
"OMIM:619695",1
"MONDO:0002254",1
"MONDO:0002254",1
"MONDO:0002254",0
"OMIM:617781",0
"MONDO:0019046",1
"MONDO:0002254",1
"MONDO:0002254",1
"MONDO:0001071",1
"MONDO:0001071",1
"MONDO:0001071",1
"MONDO:0001071",1
"MONDO:0001071",1
"MONDO:0001071",1
"OMIM:619681",1
"MONDO:0005071",1
"MONDO:0001071",1
"MONDO:0001071",1
"MONDO:0001071",1
"MONDO:0001071",1
"MONDO:0001071",1
"MONDO:0001071",1
"MONDO:0001071",1
"MONDO:0002254",1
"OMIM:244200",0
"MONDO:0001071",1
"MONDO:0005066",1
"MONDO:0002254",1
"OMIM:254900",1
"MONDO:0001071",1
"MONDO:0001071",1
"MONDO:0001071",1
"MONDO:0001071",1
"MONDO:0001071",1
"MONDO:0001071",1
"MONDO:0001071",1
"MONDO:0001071",1
"MONDO:0001071",1
"MONDO:0001071",1
"MONDO:0005066",1
"MONDO:0001071",1
"MONDO:0020022",1
"MONDO:0020022",1
"MONDO:0001071",1
"OMIM:615198",1
"OMIM:619719",1
"OMIM:619297",1
"OMIM:619602",1
"OMIM:619293",1
"OMIM:300614",0
"OMIM:300232",1
"MONDO:0001071",1
"MONDO:0044970",1
"OMIM:617080",0
"OMIM:618364",0
"MONDO:0100062",1
"MONDO:0020022",1
"OMIM:616436",0
"MONDO:0005258",1
"MONDO:0001071",1
"MONDO:0001071",1
"OMIM:620065",1
"OMIM:620066",1
"OMIM:620024",1
"OMIM:619972",1
"OMIM:619966",1
"OMIM:619847",1
"OMIM:620072",1
"OMIM:620021",1
"OMIM:619876",1
"OMIM:620023",1
"OMIM:301076",1
"OMIM:620027",1
"OMIM:619833",1
"OMIM:619910",1
"OMIM:619989",1
"OMIM:619908",1
"OMIM:620012",1
"OMIM:619913",1
"OMIM:619884",1
"OMIM:619881",1
"OMIM:619983",1
"OMIM:619873",1
"OMIM:619959",1
"OMIM:619955",1
"OMIM:619964",1
"OMIM:619880",1
"OMIM:619970",1
"OMIM:619971",1
"OMIM:619680",1
"OMIM:619895",1
"OMIM:619869",1
"OMIM:620028",1
"OMIM:620033",1
"OMIM:619844",1
"OMIM:619687_2",1
"OMIM:301066",1
"OMIM:619841",1
"MONDO:0001071",1
"MONDO:0002254",1
"MONDO:0002254",1
"MONDO:0001071",1
"MONDO:0001071",1
"MONDO:0001071",1
"MONDO:0002254",1
"MONDO:0002254",1
"MONDO:0002254",0
"MONDO:0001071",1
"MONDO:0001071",1
"MONDO:0001071",1
"MONDO:0001071",1
"OMIM:619188",1
"MONDO:0001071",1
"MONDO:0001071",1
"OMIM:620070",1
"OMIM:617721",0
"OMIM:619692",1
"MONDO:0001071",1
"MONDO:0001071",1
"MONDO:0001071",1
"OMIM:618567",1
"MONDO:0002254",1
"MONDO:0005071",1
"MONDO:0001071",1
"MONDO:0001071",1
"MONDO:0001071",1
"MONDO:0005071",1
"MONDO:0001071",1
"MONDO:0002254",1
"MONDO:0002254",1
"OMIM:619595",1
"MONDO:0001071",1
"OMIM:619135",1
"OMIM:618608",1
"MONDO:0002254",1
"MONDO:0005258",1
"OMIM:619480",1
"OMIM:619862",1
"OMIM:300998",1
"OMIM:619957",1
"MONDO:0001071",1
"MONDO:0001071",1
"OMIM:618292",1
"OMIM:619911",1
"OMIM:617493",1
"MONDO:0001071",1
"OMIM:618332",1
"OMIM:618333",1
"OMIM:615530",0
"OMIM:610474_2",1
"OMIM:309350",0
"OMIM:311300",0
"OMIM:182230_6",1
"OMIM:300438",1
"OMIM:617772",0
"OMIM:148200",0
"OMIM:300486",1
"OMIM:614332",1
"OMIM:300424",0
"MONDO:0002254",1
"MONDO:0001071",1
"MONDO:0044970",1
"OMIM:614741",1
"MONDO:0002254",1
"MONDO:0001071",1
"MONDO:0005071",1
"MONDO:0001071",1
"MONDO:0001071",1
"MONDO:0001071",1
"MONDO:0001071",1
"MONDO:0001071",1
"MONDO:0001071",1
"MONDO:0100062",1
"MONDO:0001071",1
"MONDO:0001071",1
"MONDO:0002254",1
"OMIM:614076",1
"MONDO:0001071",1
"OMIM:619076",1
"OMIM:619072",1
"MONDO:0001071",1
"MONDO:0001071",1
"MONDO:0001071",1
"OMIM:616413",0
"MONDO:0005071",1
"MONDO:0001071",1
"MONDO:0002254",0
"OMIM:112600_1",0
"OMIM:617877",1
"OMIM:619383",1
"MONDO:0005071",1
"MONDO:0001071",1
"MONDO:0001071",1
"MONDO:0001071",1
"OMIM:619922",1
"MONDO:0100062",1
"MONDO:0001071",1
"MONDO:0001071",1
"MONDO:0005071",1
"MONDO:0001071",1
"OMIM:224500",1
"MONDO:0020022",1
"MONDO:0001071",1
"MONDO:0001071",1
"MONDO:0002254",0
"OMIM:608703",0
"MONDO:0001071",1
"MONDO:0005071",1
"OMIM:182170",1
"OMIM:616854",1
"OMIM:618992",1
"MONDO:0002254",0
"OMIM:618434",0
"MONDO:0002254",1
"OMIM:149730",0
"OMIM:620192",0
"OMIM:214800",1
"OMIM:307000",1
"OMIM:303350",1
"OMIM:109400",0
"OMIM:612164_1",1
"OMIM:300491",1
"OMIM:193003",1
"OMIM:620343",0
"OMIM:155255_4",0
"OMIM:620313",1
"OMIM:620314",1
"OMIM:620315",1
"OMIM:603896",1
"OMIM:300495_2",1
"OMIM:115000",0
"OMIM:620312",1
"OMIM:620359",1
"OMIM:620210",1
"OMIM:301094",1
"OMIM:620316",1
"OMIM:620250",1
"OMIM:620270",1
"OMIM:620326",1
"OMIM:616462",1
"OMIM:620371",1
"OMIM:613070",1
"OMIM:620185",1
"OMIM:620184",1
"OMIM:617050",1
"OMIM:620094",1
"OMIM:301107",1
"OMIM:620317",1
"OMIM:620327",1
"OMIM:620243",1
"OMIM:620075",1
"OMIM:620086",1
"OMIM:620269",1
"OMIM:620141",1
"OMIM:620358",1
"OMIM:620167",1
"OMIM:620305",1
"OMIM:257400",0
"OMIM:620303",0
"OMIM:620149",1
"OMIM:619950",1
"OMIM:619759",1
"OMIM:619951",1
"OMIM:620145",1
"OMIM:620237",1
"OMIM:620113",1
"OMIM:620242",1
"OMIM:620001",1
"OMIM:620115",1
"OMIM:620191",1
"OMIM:620114",1
"OMIM:620098",1
"OMIM:620083",1
"OMIM:619653",1
"OMIM:620224",1
"OMIM:620073",1
"OMIM:619311",1
"OMIM:620292",1
"OMIM:619428",1
"OMIM:619539",1
"OMIM:619827",1
"OMIM:619377",1
"OMIM:618572",1
"OMIM:619239",1
"OMIM:619854",1
"OMIM:620155",1
"OMIM:620157",1
"OMIM:619934",1
"OMIM:619714",1
"OMIM:619877",1
"OMIM:618501",1
"OMIM:620186",1
"OMIM:620029",1
"MONDO:0001071",1
"MONDO:0001071",1
"OMIM:615059",0
"OMIM:618724",1
"OMIM:620284",0
"MONDO:0002254",1
"OMIM:618395",1
"OMIM:608800",1
"OMIM:620221",0
"MONDO:0001071",1
"MONDO:0005258",1
"MONDO:0001071",1
"MONDO:0001071",1
"OMIM:300830",1
"MONDO:0700096_1",1
"OMIM:612539",0
"OMIM:620068",0
"OMIM:606777_1",1
"OMIM:608885",1
"OMIM:614847",1
"OMIM:614863_1",1
"OMIM:616617",0
"MONDO:0001071",1
"OMIM:611369",0
"MONDO:0100062",1
"MONDO:0001071",1
"MONDO:0001071",1
"MONDO:0002254",0
"MONDO:0019056",0
"MONDO:0001071",1
"MONDO:0001071",1
"MONDO:0001071",1
"MONDO:0001071",1
"MONDO:0001071",1
"MONDO:0001071",1
"MONDO:0002254",1
"OMIM:619354",1
"MONDO:0001071",1
"MONDO:0001071",1
"MONDO:0002254",1
"MONDO:0044970",1
"MONDO:0001071",1
"OMIM:615916",0
"OMIM:311510",1
"OMIM:619420",1
"OMIM:619927",1
"OMIM:619931",1
"OMIM:617863",1
"OMIM:619301",1
"OMIM:618606",1
"OMIM:618901",1
"OMIM:615779",1
"OMIM:619858",1
"OMIM:619648",1
"OMIM:609923",0
"MONDO:0002254",1
"OMIM:619851",1
"OMIM:620384",0
"OMIM:619810",0
"OMIM:619310",1
"OMIM:619071",1
"OMIM:620139",1
"OMIM:619988",1
"OMIM:619909",1
"OMIM:619302",1
"OMIM:620294",1
"OMIM:619657",1
"OMIM:619656",0
"OMIM:618280",1
"OMIM:618113",0
"OMIM:619501",1
"OMIM:301091",1
"OMIM:619845",0
"MONDO:0001071",1
"OMIM:614878",0
"OMIM:614468",0
"MONDO:0001071",1
"MONDO:0001071",1
"MONDO:0001071",1
"OMIM:164210",0
"MONDO:0001071",1
"MONDO:0001071",1
"MONDO:0001071",1
"MONDO:0005071",1
"OMIM:301041",1
"MONDO:0001071",1
"MONDO:0002254",1
"OMIM:615924",1
"OMIM:605013",1
"OMIM:615397",0
"OMIM:606690_2",0
"OMIM:616394",0
"OMIM:619471",1
"OMIM:620746",1
"OMIM:620662",1
"OMIM:620663",1
"OMIM:620535",1
"OMIM:620379",1
"OMIM:620609",1
"OMIM:620641",1
"OMIM:620461",1
"OMIM:620416",1
"OMIM:620417",1
"OMIM:620515",1
"OMIM:620428",1
"OMIM:620489",1
"OMIM:620675",1
"OMIM:620451",1
"OMIM:620450",1
"OMIM:620439",1
"OMIM:620330",1
"MONDO:0001071",1
"OMIM:620038",1
"MONDO:0001071",1
"OMIM:600223",0
"MONDO:0005071",1
"MONDO:0001071",1
"OMIM:620712",1
"MONDO:0001071",1
"OMIM:616687",0
"MONDO:0001071",1
"MONDO:0001071",1
"OMIM:306950",1
"OMIM:300910",0
"OMIM:620711",1
"MONDO:0002254",1
"OMIM:620688",1
"MONDO:0005071",1
"MONDO:0002254",1
"MONDO:0002254",1
"MONDO:0005066",1
"OMIM:620771",1
"OMIM:606217_2",0
"MONDO:0005066",1
"OMIM:607151_1",0
"MONDO:0001071",1
"MONDO:0002254",1
"MONDO:0002254",1
"MONDO:0001071",1
"OMIM:619804",0
"OMIM:605589",0
"OMIM:616267",1
"OMIM:618197",1
"MONDO:0005066",1
"MONDO:0005066",1
"MONDO:0001071",1
"MONDO:0001071",1
"MONDO:0001071",1
"MONDO:0001071",1
"OMIM:602477_3",1
"MONDO:0002254",1
"MONDO:0001071",1
"MONDO:0001071",1
"MONDO:0001071",1
"MONDO:0001071",1
"MONDO:0001071",1
"OMIM:219090",0
"MONDO:0001071",1
"MONDO:0001071",1
"OMIM:620704",1
"MONDO:0001071",1
"MONDO:0001071",1
"MONDO:0001071",1
"MONDO:0001071",1
"MONDO:0001071",1
"OMIM:620653",1
"MONDO:0001071",1
"MONDO:0001071",1
"MONDO:0001071",1
"MONDO:0001071",1
"MONDO:0001071",1
"MONDO:0005066",1
"MONDO:0005066",1
"MONDO:0020022",1
"OMIM:151800",0
"OMIM:620687_1",1
"OMIM:620687_2",1
"OMIM:620806",1
"OMIM:620774",1
"OMIM:620783",1
"OMIM:620784",1
"OMIM:620772",1
"OMIM:620537",1
"OMIM:620504",1
"OMIM:620779",1
"OMIM:620700",1
"OMIM:620393",1
"MONDO:0020022",1
"MONDO:0020022",1
"MONDO:0020022",1
"OMIM:618357",1
"MONDO:0001071",1
"MONDO:0001071",1
"MONDO:0001071",1
"OMIM:620669",1
"MONDO:0001071",1
"MONDO:0001071",1
"MONDO:0001071",1
"MONDO:0001071",1
"MONDO:0002254",1
"MONDO:0001071",1
"MONDO:0001071",1
"MONDO:0001071",1
"MONDO:0001071",1
"MONDO:0001071",1
"MONDO:0001071",1
"OMIM:620241",1
"MONDO:0001071",1
"MONDO:0001071",1
"MONDO:0001071",1
"OMIM:228000",1
"OMIM:125370",1
"MONDO:0001071",1
"OMIM:620747",1
"OMIM:617525",0
"OMIM:104100",0
"MONDO:0001071",1
"MONDO:0002254",1
"MONDO:0002254",0
"MONDO:0001071",1
"MONDO:0001071",1
"MONDO:0001071",1
"MONDO:0100062",1
"OMIM:619685",1
"OMIM:618667",1
"MONDO:0001071",1
"OMIM:617364",1
"OMIM:607313",1
"MONDO:0005071",1
"MONDO:0001071",1
"MONDO:0001071",1
"OMIM:618810",1
"OMIM:610003",1
"OMIM:261600_1",1
"MONDO:0044970",1
"OMIM:272800_1",1
"OMIM:301118",1
"OMIM:620888",1
"OMIM:620910",1
"MONDO:0001071",1
"MONDO:0001071",1
"MONDO:0002254",1
"MONDO:0001071",1
"MONDO:0005071",0
"OMIM:125310",0
"OMIM:130720",0
"OMIM:615293",0
"MONDO:0001071",1
"MONDO:0001071",1
"MONDO:0001071",1
"MONDO:0020022",1
"OMIM:620851",1
"OMIM:616733",1
"OMIM:620402",0
"MONDO:0001071",1
"MONDO:0001071",1
"MONDO:0001071",1
"MONDO:0001071",1
"MONDO:0002254",1
"MONDO:0001071",1
"MONDO:0001071",1
"OMIM:620310",1
"OMIM:251950",1
"MONDO:0002254",1
"MONDO:0005258",1
"OMIM:246200",1
"OMIM:262190",1
"OMIM:609968",0
"OMIM:619028",1
"MONDO:0020022",1
"OMIM:618550",0
"MONDO:0020022",1
"MONDO:0020022",1
"MONDO:0020022",1
"MONDO:0005258",1
"MONDO:0005258",1
"MONDO:0005258",1
"MONDO:0005258",1
"MONDO:0005258",1
"MONDO:0005258",1
"MONDO:0005258",1
"OMIM:617302",1
"MONDO:0005258",1
"OMIM:619386",1
"OMIM:619687_1",1
"MONDO:0002254",1
"OMIM:618117",0
"OMIM:620455_2",1
"OMIM:620455_1",1
"MONDO:0005071",1
"OMIM:301111",1
"MONDO:0005258",1
"OMIM:620352",1
"MONDO:0100062",1
"OMIM:613708",0
"OMIM:182600",1
"OMIM:309555",1
"MONDO:0001071",1
"MONDO:0001071",1
"MONDO:0001071",1
"MONDO:0001071",1
"MONDO:0001071",1
"MONDO:0001071",1
"MONDO:0002254",1
"MONDO:0002254",1
"MONDO:0002254",1
"OMIM:618825",1
"OMIM:610992",1
"MONDO:0005258",1
"OMIM:300166",1
"OMIM:300115",1
"OMIM:618830",1
"OMIM:618830",1
"OMIM:619317",1
"MONDO:0100062",1
"MONDO:0100062",1
"MONDO:0002254",1
"MONDO:0100062",1
"OMIM:617370",1
"OMIM:609698",1
"MONDO:0002254",1
"MONDO:0001071",1
"MONDO:0001071",1
"MONDO:0002254",1
"MONDO:0005071",1
"MONDO:0005071",1
"OMIM:256840",0
"MONDO:0001071",1
"MONDO:0005071",1
"MONDO:0005071",1
"MONDO:0001071",1
"MONDO:0001071",1
"MONDO:0001071",1
"OMIM:146255",1
"OMIM:607485_4",0
"MONDO:0001071",1
"MONDO:0001071",1
"MONDO:0001071",1
"MONDO:0001071",1
"MONDO:0001071",1
"MONDO:0001071",1
"MONDO:0001071",1
"MONDO:0001071",1
"MONDO:0001071",1
"MONDO:0001071",1
"OMIM:620007",1
"MONDO:0001071",1
"MONDO:0001071",1
"OMIM:254780",1
"OMIM:620445",1
"MONDO:0001071",1
"MONDO:0001071",1
"MONDO:0001071",1
"MONDO:0001071",1
"MONDO:0001071",1
"MONDO:0001071",1
"MONDO:0005258",1
"MONDO:0044970",1
"MONDO:0002254",1
"MONDO:0020022",1
"OMIM:604326",0
"MONDO:0001071",1
"MONDO:0001071",1
"MONDO:0002254",1
"MONDO:0001071",1
"MONDO:0005071",1
"OMIM:616022",1
"OMIM:618412",1
"MONDO:0001071",1
"MONDO:0020022",1
"MONDO:0001071",1
"MONDO:0001071",1
"OMIM:618651",1
"OMIM:620174",0
"MONDO:0001071",1
"MONDO:0001071",1
"OMIM:620511",1
"OMIM:619859",1
"MONDO:0005258",1
"MONDO:0005258",1
"OMIM:620911",1
"MONDO:0001071",1
"OMIM:620731",0
"MONDO:0001071",1
"OMIM:616208",0
"MONDO:0005071",1
"MONDO:0005071",1
"MONDO:0001071",1
"MONDO:0044970",1
"OMIM:610708",0
"MONDO:0002254",1
"OMIM:621021",1
"OMIM:621016",1
"OMIM:621065",0
"OMIM:621034",1
"OMIM:301134",1
"OMIM:621010",1
"OMIM:620985",1
"OMIM:619013",1
"OMIM:620494",1
"MONDO:0005071",1
"OMIM:182250",0
"OMIM:619773",1
"OMIM:620540",1
"OMIM:620528",0
"OMIM:620538",0
"MONDO:0005071",0
"MONDO:0002254",1
"OMIM:613443_1",1
"OMIM:613443_2",1
"MONDO:0005071",1
